GEO_ID,NAME,Estimate!!SEX AND AGE!!Total population,Percent!!SEX AND AGE!!Total population,Estimate!!SEX AND AGE!!Total population!!Male,Percent!!SEX AND AGE!!Total population!!Male,Estimate!!SEX AND AGE!!Total population!!Female,Percent!!SEX AND AGE!!Total population!!Female,Estimate!!SEX AND AGE!!Total population!!Sex ratio (males per 100 females),Percent!!SEX AND AGE!!Total population!!Sex ratio (males per 100 females),Estimate!!SEX AND AGE!!Total population!!Under 5 years,Percent!!SEX AND AGE!!Total population!!Under 5 years,Estimate!!SEX AND AGE!!Total population!!5 to 9 years,Percent!!SEX AND AGE!!Total population!!5 to 9 years,Estimate!!SEX AND AGE!!Total population!!10 to 14 years,Percent!!SEX AND AGE!!Total population!!10 to 14 years,Estimate!!SEX AND AGE!!Total population!!15 to 19 years,Percent!!SEX AND AGE!!Total population!!15 to 19 years,Estimate!!SEX AND AGE!!Total population!!20 to 24 years,Percent!!SEX AND AGE!!Total population!!20 to 24 years,Estimate!!SEX AND AGE!!Total population!!25 to 34 years,Percent!!SEX AND AGE!!Total population!!25 to 34 years,Estimate!!SEX AND AGE!!Total population!!35 to 44 years,Percent!!SEX AND AGE!!Total population!!35 to 44 years,Estimate!!SEX AND AGE!!Total population!!45 to 54 years,Percent!!SEX AND AGE!!Total population!!45 to 54 years,Estimate!!SEX AND AGE!!Total population!!55 to 59 years,Percent!!SEX AND AGE!!Total population!!55 to 59 years,Estimate!!SEX AND AGE!!Total population!!60 to 64 years,Percent!!SEX AND AGE!!Total population!!60 to 64 years,Estimate!!SEX AND AGE!!Total population!!65 to 74 years,Percent!!SEX AND AGE!!Total population!!65 to 74 years,Estimate!!SEX AND AGE!!Total population!!75 to 84 years,Percent!!SEX AND AGE!!Total population!!75 to 84 years,Estimate!!SEX AND AGE!!Total population!!85 years and over,Percent!!SEX AND AGE!!Total population!!85 years and over,Estimate!!SEX AND AGE!!Total population!!Median age (years),Percent!!SEX AND AGE!!Total population!!Median age (years),Estimate!!SEX AND AGE!!Total population!!Under 18 years,Percent!!SEX AND AGE!!Total population!!Under 18 years,Estimate!!SEX AND AGE!!Total population!!16 years and over,Percent!!SEX AND AGE!!Total population!!16 years and over,Estimate!!SEX AND AGE!!Total population!!18 years and over,Percent!!SEX AND AGE!!Total population!!18 years and over,Estimate!!SEX AND AGE!!Total population!!21 years and over,Percent!!SEX AND AGE!!Total population!!21 years and over,Estimate!!SEX AND AGE!!Total population!!62 years and over,Percent!!SEX AND AGE!!Total population!!62 years and over,Estimate!!SEX AND AGE!!Total population!!65 years and over,Percent!!SEX AND AGE!!Total population!!65 years and over,Estimate!!SEX AND AGE!!Total population!!18 years and over,Percent!!SEX AND AGE!!Total population!!18 years and over,Estimate!!SEX AND AGE!!Total population!!18 years and over!!Male,Percent!!SEX AND AGE!!Total population!!18 years and over!!Male,Estimate!!SEX AND AGE!!Total population!!18 years and over!!Female,Percent!!SEX AND AGE!!Total population!!18 years and over!!Female,Estimate!!SEX AND AGE!!Total population!!18 years and over!!Sex ratio (males per 100 females),Percent!!SEX AND AGE!!Total population!!18 years and over!!Sex ratio (males per 100 females),Estimate!!SEX AND AGE!!Total population!!65 years and over,Percent!!SEX AND AGE!!Total population!!65 years and over,Estimate!!SEX AND AGE!!Total population!!65 years and over!!Male,Percent!!SEX AND AGE!!Total population!!65 years and over!!Male,Estimate!!SEX AND AGE!!Total population!!65 years and over!!Female,Percent!!SEX AND AGE!!Total population!!65 years and over!!Female,Estimate!!SEX AND AGE!!Total population!!65 years and over!!Sex ratio (males per 100 females),Percent!!SEX AND AGE!!Total population!!65 years and over!!Sex ratio (males per 100 females),Estimate!!RACE!!Total population,Percent!!RACE!!Total population,Estimate!!RACE!!Total population!!One race,Percent!!RACE!!Total population!!One race,Estimate!!RACE!!Total population!!Two or more races,Percent!!RACE!!Total population!!Two or more races,Estimate!!RACE!!Total population!!One race,Percent!!RACE!!Total population!!One race,Estimate!!RACE!!Total population!!One race!!White,Percent!!RACE!!Total population!!One race!!White,Estimate!!RACE!!Total population!!One race!!Black or African American,Percent!!RACE!!Total population!!One race!!Black or African American,Estimate!!RACE!!Total population!!One race!!American Indian and Alaska Native,Percent!!RACE!!Total population!!One race!!American Indian and Alaska Native,Estimate!!RACE!!Total population!!One race!!American Indian and Alaska Native!!Cherokee tribal grouping,Percent!!RACE!!Total population!!One race!!American Indian and Alaska Native!!Cherokee tribal grouping,Estimate!!RACE!!Total population!!One race!!American Indian and Alaska Native!!Chippewa tribal grouping,Percent!!RACE!!Total population!!One race!!American Indian and Alaska Native!!Chippewa tribal grouping,Estimate!!RACE!!Total population!!One race!!American Indian and Alaska Native!!Navajo tribal grouping,Percent!!RACE!!Total population!!One race!!American Indian and Alaska Native!!Navajo tribal grouping,Estimate!!RACE!!Total population!!One race!!American Indian and Alaska Native!!Sioux tribal grouping,Percent!!RACE!!Total population!!One race!!American Indian and Alaska Native!!Sioux tribal grouping,Estimate!!RACE!!Total population!!One race!!Asian,Percent!!RACE!!Total population!!One race!!Asian,Estimate!!RACE!!Total population!!One race!!Asian!!Asian Indian,Percent!!RACE!!Total population!!One race!!Asian!!Asian Indian,Estimate!!RACE!!Total population!!One race!!Asian!!Chinese,Percent!!RACE!!Total population!!One race!!Asian!!Chinese,Estimate!!RACE!!Total population!!One race!!Asian!!Filipino,Percent!!RACE!!Total population!!One race!!Asian!!Filipino,Estimate!!RACE!!Total population!!One race!!Asian!!Japanese,Percent!!RACE!!Total population!!One race!!Asian!!Japanese,Estimate!!RACE!!Total population!!One race!!Asian!!Korean,Percent!!RACE!!Total population!!One race!!Asian!!Korean,Estimate!!RACE!!Total population!!One race!!Asian!!Vietnamese,Percent!!RACE!!Total population!!One race!!Asian!!Vietnamese,Estimate!!RACE!!Total population!!One race!!Asian!!Other Asian,Percent!!RACE!!Total population!!One race!!Asian!!Other Asian,Estimate!!RACE!!Total population!!One race!!Native Hawaiian and Other Pacific Islander,Percent!!RACE!!Total population!!One race!!Native Hawaiian and Other Pacific Islander,Estimate!!RACE!!Total population!!One race!!Native Hawaiian and Other Pacific Islander!!Native Hawaiian,Percent!!RACE!!Total population!!One race!!Native Hawaiian and Other Pacific Islander!!Native Hawaiian,Estimate!!RACE!!Total population!!One race!!Native Hawaiian and Other Pacific Islander!!Guamanian or Chamorro,Percent!!RACE!!Total population!!One race!!Native Hawaiian and Other Pacific Islander!!Guamanian or Chamorro,Estimate!!RACE!!Total population!!One race!!Native Hawaiian and Other Pacific Islander!!Samoan,Percent!!RACE!!Total population!!One race!!Native Hawaiian and Other Pacific Islander!!Samoan,Estimate!!RACE!!Total population!!One race!!Native Hawaiian and Other Pacific Islander!!Other Pacific Islander,Percent!!RACE!!Total population!!One race!!Native Hawaiian and Other Pacific Islander!!Other Pacific Islander,Estimate!!RACE!!Total population!!One race!!Some other race,Percent!!RACE!!Total population!!One race!!Some other race,Estimate!!RACE!!Total population!!Two or more races,Percent!!RACE!!Total population!!Two or more races,Estimate!!RACE!!Total population!!Two or more races!!White and Black or African American,Percent!!RACE!!Total population!!Two or more races!!White and Black or African American,Estimate!!RACE!!Total population!!Two or more races!!White and American Indian and Alaska Native,Percent!!RACE!!Total population!!Two or more races!!White and American Indian and Alaska Native,Estimate!!RACE!!Total population!!Two or more races!!White and Asian,Percent!!RACE!!Total population!!Two or more races!!White and Asian,Estimate!!RACE!!Total population!!Two or more races!!Black or African American and American Indian and Alaska Native,Percent!!RACE!!Total population!!Two or more races!!Black or African American and American Indian and Alaska Native,Estimate!!Race alone or in combination with one or more other races!!Total population,Percent!!Race alone or in combination with one or more other races!!Total population,Estimate!!Race alone or in combination with one or more other races!!Total population!!White,Percent!!Race alone or in combination with one or more other races!!Total population!!White,Estimate!!Race alone or in combination with one or more other races!!Total population!!Black or African American,Percent!!Race alone or in combination with one or more other races!!Total population!!Black or African American,Estimate!!Race alone or in combination with one or more other races!!Total population!!American Indian and Alaska Native,Percent!!Race alone or in combination with one or more other races!!Total population!!American Indian and Alaska Native,Estimate!!Race alone or in combination with one or more other races!!Total population!!Asian,Percent!!Race alone or in combination with one or more other races!!Total population!!Asian,Estimate!!Race alone or in combination with one or more other races!!Total population!!Native Hawaiian and Other Pacific Islander,Percent!!Race alone or in combination with one or more other races!!Total population!!Native Hawaiian and Other Pacific Islander,Estimate!!Race alone or in combination with one or more other races!!Total population!!Some other race,Percent!!Race alone or in combination with one or more other races!!Total population!!Some other race,Estimate!!HISPANIC OR LATINO AND RACE!!Total population,Percent!!HISPANIC OR LATINO AND RACE!!Total population,Estimate!!HISPANIC OR LATINO AND RACE!!Total population!!Hispanic or Latino (of any race),Percent!!HISPANIC OR LATINO AND RACE!!Total population!!Hispanic or Latino (of any race),Estimate!!HISPANIC OR LATINO AND RACE!!Total population!!Hispanic or Latino (of any race)!!Mexican,Percent!!HISPANIC OR LATINO AND RACE!!Total population!!Hispanic or Latino (of any race)!!Mexican,Estimate!!HISPANIC OR LATINO AND RACE!!Total population!!Hispanic or Latino (of any race)!!Puerto Rican,Percent!!HISPANIC OR LATINO AND RACE!!Total population!!Hispanic or Latino (of any race)!!Puerto Rican,Estimate!!HISPANIC OR LATINO AND RACE!!Total population!!Hispanic or Latino (of any race)!!Cuban,Percent!!HISPANIC OR LATINO AND RACE!!Total population!!Hispanic or Latino (of any race)!!Cuban,Estimate!!HISPANIC OR LATINO AND RACE!!Total population!!Hispanic or Latino (of any race)!!Other Hispanic or Latino,Percent!!HISPANIC OR LATINO AND RACE!!Total population!!Hispanic or Latino (of any race)!!Other Hispanic or Latino,Estimate!!HISPANIC OR LATINO AND RACE!!Total population!!Not Hispanic or Latino,Percent!!HISPANIC OR LATINO AND RACE!!Total population!!Not Hispanic or Latino,Estimate!!HISPANIC OR LATINO AND RACE!!Total population!!Not Hispanic or Latino!!White alone,Percent!!HISPANIC OR LATINO AND RACE!!Total population!!Not Hispanic or Latino!!White alone,Estimate!!HISPANIC OR LATINO AND RACE!!Total population!!Not Hispanic or Latino!!Black or African American alone,Percent!!HISPANIC OR LATINO AND RACE!!Total population!!Not Hispanic or Latino!!Black or African American alone,Estimate!!HISPANIC OR LATINO AND RACE!!Total population!!Not Hispanic or Latino!!American Indian and Alaska Native alone,Percent!!HISPANIC OR LATINO AND RACE!!Total population!!Not Hispanic or Latino!!American Indian and Alaska Native alone,Estimate!!HISPANIC OR LATINO AND RACE!!Total population!!Not Hispanic or Latino!!Asian alone,Percent!!HISPANIC OR LATINO AND RACE!!Total population!!Not Hispanic or Latino!!Asian alone,Estimate!!HISPANIC OR LATINO AND RACE!!Total population!!Not Hispanic or Latino!!Native Hawaiian and Other Pacific Islander alone,Percent!!HISPANIC OR LATINO AND RACE!!Total population!!Not Hispanic or Latino!!Native Hawaiian and Other Pacific Islander alone,Estimate!!HISPANIC OR LATINO AND RACE!!Total population!!Not Hispanic or Latino!!Some other race alone,Percent!!HISPANIC OR LATINO AND RACE!!Total population!!Not Hispanic or Latino!!Some other race alone,Estimate!!HISPANIC OR LATINO AND RACE!!Total population!!Not Hispanic or Latino!!Two or more races,Percent!!HISPANIC OR LATINO AND RACE!!Total population!!Not Hispanic or Latino!!Two or more races,Estimate!!HISPANIC OR LATINO AND RACE!!Total population!!Not Hispanic or Latino!!Two or more races!!Two races including Some other race,Percent!!HISPANIC OR LATINO AND RACE!!Total population!!Not Hispanic or Latino!!Two or more races!!Two races including Some other race,"Estimate!!HISPANIC OR LATINO AND RACE!!Total population!!Not Hispanic or Latino!!Two or more races!!Two races excluding Some other race, and Three or more races","Percent!!HISPANIC OR LATINO AND RACE!!Total population!!Not Hispanic or Latino!!Two or more races!!Two races excluding Some other race, and Three or more races",Estimate!!Total housing units,Percent Margin of Error!!Total housing units,"Estimate!!CITIZEN, VOTING AGE POPULATION!!Citizen, 18 and over population","Percent!!CITIZEN, VOTING AGE POPULATION!!Citizen, 18 and over population","Estimate!!CITIZEN, VOTING AGE POPULATION!!Citizen, 18 and over population!!Male","Percent!!CITIZEN, VOTING AGE POPULATION!!Citizen, 18 and over population!!Male","Estimate!!CITIZEN, VOTING AGE POPULATION!!Citizen, 18 and over population!!Female","Percent!!CITIZEN, VOTING AGE POPULATION!!Citizen, 18 and over population!!Female"
37001,"Alamance County, North Carolina",163324,163324,77542,47.5,85782,52.5,90.4,(X),9508,5.8,9629,5.9,10889,6.7,12800,7.8,10626,6.5,20101,12.3,19075,11.7,22339,13.7,11093,6.8,10099,6.2,15404,9.4,8268,5.1,3493,2.1,39.1,(X),36538,22.4,130926,80.2,126786,77.6,117817,72.1,32958,20.2,27165,16.6,126786,126786,58853,46.4,67933,53.6,86.6,(X),27165,27165,11428,42.1,15737,57.9,72.6,(X),163324,163324,159407,97.6,3917,2.4,159407,97.6,113953,69.8,31926,19.5,668,0.4,128,0.1,8,0,0,0,0,0,2602,1.6,623,0.4,530,0.3,182,0.1,37,0,175,0.1,328,0.2,727,0.4,66,0,47,0,0,0,5,0,14,0,10192,6.2,3917,2.4,1551,0.9,580,0.4,356,0.2,271,0.2,163324,163324,117347,71.8,34235,21,1887,1.2,3118,1.9,172,0.1,10885,6.7,163324,163324,20511,12.6,14184,8.7,1535,0.9,139,0.1,4653,2.8,142813,87.4,104623,64.1,31676,19.4,453,0.3,2546,1.6,66,0,289,0.2,3160,1.9,61,0,3099,1.9,70644,(X),118587,118587,54437,45.9,64150,54.1
37003,"Alexander County, North Carolina",37213,37213,18940,50.9,18273,49.1,103.7,(X),1869,5,1863,5,2442,6.6,2153,5.8,2059,5.5,4369,11.7,4531,12.2,5348,14.4,2827,7.6,2504,6.7,4168,11.2,2220,6,860,2.3,43.7,(X),7568,20.3,30631,82.3,29645,79.7,28546,76.7,8667,23.3,7248,19.5,29645,29645,15200,51.3,14445,48.7,105.2,(X),7248,7248,3276,45.2,3972,54.8,82.5,(X),37213,37213,36704,98.6,509,1.4,36704,98.6,32622,87.7,2173,5.8,138,0.4,18,0,0,0,0,0,0,0,389,1,16,0,40,0.1,5,0,0,0,0,0,0,0,328,0.9,0,0,0,0,0,0,0,0,0,0,1382,3.7,509,1.4,317,0.9,79,0.2,43,0.1,0,0,37213,37213,33097,88.9,2529,6.8,239,0.6,449,1.2,29,0.1,1406,3.8,37213,37213,1743,4.7,1549,4.2,54,0.1,0,0,140,0.4,35470,95.3,32297,86.8,2173,5.8,138,0.4,389,1,0,0,0,0,473,1.3,5,0,468,1.3,16465,(X),28937,28937,14904,51.5,14033,48.5
37005,"Alleghany County, North Carolina",11008,11008,5404,49.1,5604,50.9,96.4,(X),456,4.1,495,4.5,615,5.6,595,5.4,426,3.9,1086,9.9,1142,10.4,1464,13.3,780,7.1,1032,9.4,1639,14.9,992,9,286,2.6,50.1,(X),1918,17.4,9348,84.9,9090,82.6,8768,79.7,3470,31.5,2917,26.5,9090,9090,4491,49.4,4599,50.6,97.7,(X),2917,2917,1358,46.6,1559,53.4,87.1,(X),11008,11008,10950,99.5,58,0.5,10950,99.5,10501,95.4,267,2.4,42,0.4,0,0,0,0,0,0,0,0,50,0.5,0,0,0,0,32,0.3,10,0.1,0,0,4,0,4,0,1,0,1,0,0,0,0,0,0,0,89,0.8,58,0.5,13,0.1,0,0,16,0.1,3,0,11008,11008,10556,95.9,284,2.6,46,0.4,66,0.6,1,0,114,1,11008,11008,1066,9.7,698,6.3,36,0.3,123,1.1,209,1.9,9942,90.3,9564,86.9,260,2.4,42,0.4,46,0.4,1,0,0,0,29,0.3,0,0,29,0.3,8180,(X),8716,8716,4224,48.5,4492,51.5
37007,"Anson County, North Carolina",24902,24902,13056,52.4,11846,47.6,110.2,(X),1172,4.7,1357,5.4,1411,5.7,1463,5.9,1486,6,3560,14.3,3165,12.7,3372,13.5,1697,6.8,1758,7.1,2693,10.8,1257,5,511,2.1,40.9,(X),4831,19.4,20733,83.3,20071,80.6,19280,77.4,5465,21.9,4461,17.9,20071,20071,10638,53,9433,47,112.8,(X),4461,4461,1924,43.1,2537,56.9,75.8,(X),24902,24902,24535,98.5,367,1.5,24535,98.5,11892,47.8,12094,48.6,66,0.3,9,0,0,0,0,0,0,0,331,1.3,44,0.2,16,0.1,74,0.3,18,0.1,72,0.3,17,0.1,90,0.4,15,0.1,15,0.1,0,0,0,0,0,0,137,0.6,367,1.5,65,0.3,166,0.7,10,0,93,0.4,24902,24902,12135,48.7,12285,49.3,327,1.3,372,1.5,15,0.1,137,0.6,24902,24902,1005,4,837,3.4,35,0.1,50,0.2,83,0.3,23897,96,11106,44.6,12016,48.3,65,0.3,331,1.3,8,0,4,0,367,1.5,0,0,367,1.5,11622,(X),19678,19678,10320,52.4,9358,47.6
37009,"Ashe County, North Carolina",26863,26863,13207,49.2,13656,50.8,96.7,(X),1142,4.3,1210,4.5,1562,5.8,1337,5,1256,4.7,2743,10.2,3077,11.5,3620,13.5,1978,7.4,2304,8.6,3921,14.6,2060,7.7,653,2.4,48.3,(X),4856,18.1,22647,84.3,22007,81.9,21321,79.4,8033,29.9,6634,24.7,22007,22007,10677,48.5,11330,51.5,94.2,(X),6634,6634,3025,45.6,3609,54.4,83.8,(X),26863,26863,26456,98.5,407,1.5,26456,98.5,25628,95.4,197,0.7,110,0.4,7,0,0,0,0,0,0,0,120,0.4,0,0,0,0,44,0.2,0,0,17,0.1,59,0.2,0,0,26,0.1,22,0.1,4,0,0,0,0,0,375,1.4,407,1.5,95,0.4,105,0.4,12,0,2,0,26863,26863,26005,96.8,306,1.1,231,0.9,167,0.6,61,0.2,531,2,26863,26863,1330,5,1043,3.9,72,0.3,105,0.4,110,0.4,25533,95,24853,92.5,197,0.7,110,0.4,113,0.4,26,0.1,15,0.1,219,0.8,10,0,209,0.8,17738,(X),21415,21415,10322,48.2,11093,51.8
37011,"Avery County, North Carolina",17506,17506,9616,54.9,7890,45.1,121.9,(X),590,3.4,677,3.9,802,4.6,1018,5.8,1095,6.3,2158,12.3,2358,13.5,2494,14.2,1102,6.3,1409,8,2238,12.8,1183,6.8,382,2.2,45.2,(X),2580,14.7,15324,87.5,14926,85.3,14160,80.9,4657,26.6,3803,21.7,14926,14926,8318,55.7,6608,44.3,125.9,(X),3803,3803,1772,46.6,2031,53.4,87.2,(X),17506,17506,17334,99,172,1,17334,99,16109,92,693,4,231,1.3,125,0.7,0,0,0,0,24,0.1,77,0.4,24,0.1,2,0,11,0.1,3,0,9,0.1,0,0,28,0.2,4,0,4,0,0,0,0,0,0,0,220,1.3,172,1,38,0.2,8,0,35,0.2,0,0,17506,17506,16240,92.8,781,4.5,255,1.5,121,0.7,20,0.1,292,1.7,17506,17506,886,5.1,546,3.1,71,0.4,89,0.5,180,1,16620,94.9,15534,88.7,684,3.9,231,1.3,77,0.4,4,0,2,0,88,0.5,5,0,83,0.5,14225,(X),14524,14524,8083,55.7,6441,44.3
37013,"Beaufort County, North Carolina",47168,47168,22529,47.8,24639,52.2,91.4,(X),2338,5,2415,5.1,3040,6.4,2777,5.9,2428,5.1,4663,9.9,5144,10.9,6068,12.9,3632,7.7,3650,7.7,6638,14.1,3151,6.7,1224,2.6,46.2,(X),9608,20.4,38703,82.1,37560,79.6,35964,76.2,13203,28,11013,23.3,37560,37560,17575,46.8,19985,53.2,87.9,(X),11013,11013,4910,44.6,6103,55.4,80.5,(X),47168,47168,46332,98.2,836,1.8,46332,98.2,33969,72,11782,25,124,0.3,114,0.2,0,0,0,0,0,0,52,0.1,1,0,22,0,0,0,0,0,0,0,15,0,14,0,0,0,0,0,0,0,0,0,0,0,405,0.9,836,1.8,402,0.9,177,0.4,58,0.1,0,0,47168,47168,34758,73.7,12245,26,431,0.9,168,0.4,58,0.1,517,1.1,47168,47168,3658,7.8,2760,5.9,172,0.4,59,0.1,667,1.4,43510,92.2,31047,65.8,11723,24.9,124,0.3,52,0.1,0,0,18,0,546,1.2,20,0,526,1.1,26081,(X),36442,36442,17106,46.9,19336,53.1
37015,"Bertie County, North Carolina",19380,19380,9689,50,9691,50,100,(X),825,4.3,1004,5.2,958,4.9,1026,5.3,1171,6,2454,12.7,2133,11,2443,12.6,1456,7.5,1666,8.6,2362,12.2,1337,6.9,545,2.8,45.4,(X),3394,17.5,16388,84.6,15986,82.5,15403,79.5,5169,26.7,4244,21.9,15986,15986,8014,50.1,7972,49.9,100.5,(X),4244,4244,1773,41.8,2471,58.2,71.8,(X),19380,19380,19209,99.1,171,0.9,19209,99.1,6830,35.2,11933,61.6,138,0.7,12,0.1,0,0,0,0,0,0,151,0.8,0,0,67,0.3,64,0.3,0,0,2,0,2,0,16,0.1,1,0,0,0,0,0,1,0,0,0,156,0.8,171,0.9,92,0.5,32,0.2,4,0,24,0.1,19380,19380,6977,36,12068,62.3,213,1.1,159,0.8,1,0,156,0.8,19380,19380,413,2.1,253,1.3,72,0.4,37,0.2,51,0.3,18967,97.9,6696,34.6,11849,61.1,111,0.6,151,0.8,1,0,3,0,156,0.8,0,0,156,0.8,9812,(X),15849,15849,7943,50.1,7906,49.9
37017,"Bladen County, North Carolina",33407,33407,16030,48,17377,52,92.2,(X),1760,5.3,1812,5.4,2161,6.5,2201,6.6,1502,4.5,3663,11,3849,11.5,4264,12.8,2348,7,2819,8.4,4274,12.8,2084,6.2,670,2,44.5,(X),6991,20.9,27269,81.6,26416,79.1,25202,75.4,8467,25.3,7028,21,26416,26416,12378,46.9,14038,53.1,88.2,(X),7028,7028,3066,43.6,3962,56.4,77.4,(X),33407,33407,33088,99,319,1,33088,99,19260,57.7,11594,34.7,850,2.5,144,0.4,0,0,0,0,19,0.1,50,0.1,0,0,15,0,35,0.1,0,0,0,0,0,0,0,0,0,0,0,0,0,0,0,0,0,0,1334,4,319,1,94,0.3,56,0.2,6,0,77,0.2,33407,33407,19502,58.4,11765,35.2,983,2.9,56,0.2,0,0,1420,4.3,33407,33407,2499,7.5,2160,6.5,92,0.3,0,0,247,0.7,30908,92.5,18290,54.7,11493,34.4,841,2.5,50,0.1,0,0,7,0,227,0.7,19,0.1,208,0.6,17932,(X),25407,25407,11804,46.5,13603,53.5
37019,"Brunswick County, North Carolina",131815,131815,63419,48.1,68396,51.9,92.7,(X),5285,4,5869,4.5,5874,4.5,5624,4.3,5182,3.9,12146,9.2,12814,9.7,15102,11.5,10366,7.9,13330,10.1,27400,20.8,10295,7.8,2528,1.9,53.8,(X),20627,15.6,113723,86.3,111188,84.4,107943,81.9,48696,36.9,40223,30.5,111188,111188,52767,47.5,58421,52.5,90.3,(X),40223,40223,19297,48,20926,52,92.2,(X),131815,131815,128610,97.6,3205,2.4,128610,97.6,110980,84.2,12864,9.8,907,0.7,228,0.2,31,0,0,0,0,0,766,0.6,167,0.1,219,0.2,123,0.1,31,0,159,0.1,35,0,32,0,9,0,0,0,6,0,3,0,0,0,3084,2.3,3205,2.4,1087,0.8,605,0.5,391,0.3,241,0.2,131815,131815,113854,86.4,14850,11.3,2344,1.8,1224,0.9,54,0,3312,2.5,131815,131815,6339,4.8,3776,2.9,791,0.6,354,0.3,1418,1.1,125476,95.2,107968,81.9,12754,9.7,872,0.7,766,0.6,9,0,101,0.1,3006,2.3,93,0.1,2913,2.2,89368,(X),109082,109082,51659,47.4,57423,52.6
37021,"Buncombe County, North Carolina",256886,256886,123240,48,133646,52,92.2,(X),12803,5,12886,5,14014,5.5,14039,5.5,14444,5.6,35441,13.8,34075,13.3,33353,13,17323,6.7,18583,7.2,29491,11.5,13691,5.3,6743,2.6,42.2,(X),48156,18.7,214170,83.4,208730,81.3,200543,78.1,60950,23.7,49925,19.4,208730,208730,98505,47.2,110225,52.8,89.4,(X),49925,49925,21710,43.5,28215,56.5,76.9,(X),256886,256886,251856,98,5030,2,251856,98,228237,88.8,16101,6.3,1069,0.4,190,0.1,107,0,0,0,38,0,3249,1.3,833,0.3,986,0.4,402,0.2,274,0.1,298,0.1,88,0,368,0.1,354,0.1,59,0,60,0,16,0,219,0.1,2846,1.1,5030,2,1853,0.7,1224,0.5,940,0.4,215,0.1,256886,256886,232931,90.7,18395,7.2,2765,1.1,4330,1.7,456,0.2,3317,1.3,256886,256886,16889,6.6,9468,3.7,1078,0.4,642,0.2,5701,2.2,239997,93.4,214615,83.5,15988,6.2,1038,0.4,3189,1.2,354,0.1,189,0.1,4624,1.8,168,0.1,4456,1.7,123642,(X),200455,200455,94057,46.9,106398,53.1
37023,"Burke County, North Carolina",89968,89968,44804,49.8,45164,50.2,99.2,(X),4262,4.7,4439,4.9,4981,5.5,5843,6.5,5223,5.8,10578,11.8,10507,11.7,12934,14.4,6834,7.6,6664,7.4,10181,11.3,5425,6,2097,2.3,44.1,(X),17044,18.9,75140,83.5,72924,81.1,69589,77.3,21717,24.1,17703,19.7,72924,72924,36035,49.4,36889,50.6,97.7,(X),17703,17703,7778,43.9,9925,56.1,78.4,(X),89968,89968,88341,98.2,1627,1.8,88341,98.2,75887,84.3,5477,6.1,812,0.9,74,0.1,0,0,56,0.1,6,0,3252,3.6,150,0.2,131,0.1,98,0.1,18,0,117,0.1,30,0,2708,3,140,0.2,102,0.1,35,0,0,0,3,0,2773,3.1,1627,1.8,866,1,223,0.2,160,0.2,18,0,89968,89968,77410,86,6585,7.3,1095,1.2,3636,4,187,0.2,2886,3.2,89968,89968,5498,6.1,2073,2.3,334,0.4,170,0.2,2921,3.2,84470,93.9,73375,81.6,5442,6,371,0.4,3252,3.6,114,0.1,337,0.4,1579,1.8,54,0.1,1525,1.7,41253,(X),70809,70809,34928,49.3,35881,50.7
37025,"Cabarrus County, North Carolina",206615,206615,100729,48.8,105886,51.2,95.1,(X),13200,6.4,13513,6.5,17106,8.3,14360,7,11548,5.6,25664,12.4,29928,14.5,30346,14.7,13128,6.4,10933,5.3,16392,7.9,7604,3.7,2893,1.4,37.9,(X),53310,25.8,159767,77.3,153305,74.2,146135,70.7,33435,16.2,26889,13,153305,153305,73341,47.8,79964,52.2,91.7,(X),26889,26889,11661,43.4,15228,56.6,76.6,(X),206615,206615,201095,97.3,5520,2.7,201095,97.3,145738,70.5,37166,18,684,0.3,100,0,61,0,0,0,25,0,7700,3.7,4562,2.2,968,0.5,246,0.1,65,0,396,0.2,742,0.4,721,0.3,210,0.1,47,0,68,0,77,0,18,0,9597,4.6,5520,2.7,2195,1.1,557,0.3,927,0.4,129,0.1,206615,206615,150500,72.8,40213,19.5,1695,0.8,8971,4.3,373,0.2,10765,5.2,206615,206615,21570,10.4,11944,5.8,3334,1.6,959,0.5,5333,2.6,185045,89.6,135523,65.6,36048,17.4,658,0.3,7700,3.7,142,0.1,701,0.3,4273,2.1,353,0.2,3920,1.9,79437,(X),144251,144251,68301,47.3,75950,52.7
37027,"Caldwell County, North Carolina",81884,81884,40432,49.4,41452,50.6,97.5,(X),4115,5,4557,5.6,4746,5.8,5023,6.1,4433,5.4,9100,11.1,9346,11.4,12621,15.4,6430,7.9,5681,6.9,9448,11.5,4784,5.8,1600,2,44.6,(X),16690,20.4,67309,82.2,65194,79.6,62514,76.3,19342,23.6,15832,19.3,65194,65194,31961,49,33233,51,96.2,(X),15832,15832,7117,45,8715,55,81.7,(X),81884,81884,80243,98,1641,2,80243,98,72802,88.9,3779,4.6,299,0.4,64,0.1,0,0,15,0,0,0,415,0.5,28,0,71,0.1,45,0.1,16,0,137,0.2,16,0,102,0.1,36,0,36,0,0,0,0,0,0,0,2912,3.6,1641,2,856,1,198,0.2,209,0.3,2,0,81884,81884,74366,90.8,4689,5.7,499,0.6,700,0.9,92,0.1,3219,3.9,81884,81884,4488,5.5,2080,2.5,672,0.8,54,0.1,1682,2.1,77396,94.5,71489,87.3,3726,4.6,299,0.4,415,0.5,36,0,118,0.1,1313,1.6,0,0,1313,1.6,38067,(X),63580,63580,31100,48.9,32480,51.1
37029,"Camden County, North Carolina",10551,10551,5587,53,4964,47,112.6,(X),485,4.6,632,6,876,8.3,642,6.1,473,4.5,1133,10.7,1418,13.4,1691,16,689,6.5,665,6.3,1105,10.5,533,5.1,209,2,41,(X),2393,22.7,8355,79.2,8158,77.3,7701,73,2231,21.1,1847,17.5,8158,8158,4147,50.8,4011,49.2,103.4,(X),1847,1847,865,46.8,982,53.2,88.1,(X),10551,10551,10420,98.8,131,1.2,10420,98.8,8718,82.6,1460,13.8,12,0.1,0,0,0,0,0,0,0,0,189,1.8,0,0,0,0,14,0.1,6,0.1,0,0,89,0.8,80,0.8,13,0.1,13,0.1,0,0,0,0,0,0,28,0.3,131,1.2,25,0.2,24,0.2,75,0.7,0,0,10551,10551,8842,83.8,1485,14.1,43,0.4,271,2.6,13,0.1,28,0.3,10551,10551,308,2.9,96,0.9,152,1.4,0,0,60,0.6,10243,97.1,8489,80.5,1460,13.8,0,0,189,1.8,13,0.1,0,0,92,0.9,0,0,92,0.9,4266,(X),8068,8068,4137,51.3,3931,48.7
37031,"Carteret County, North Carolina",69070,69070,33874,49,35196,51,96.2,(X),2917,4.2,3406,4.9,3659,5.3,3613,5.2,3262,4.7,6775,9.8,7684,11.1,9450,13.7,5504,8,6057,8.8,10241,14.8,4881,7.1,1621,2.3,48.6,(X),12271,17.8,58319,84.4,56799,82.2,54806,79.3,20419,29.6,16743,24.2,56799,56799,27473,48.4,29326,51.6,93.7,(X),16743,16743,7779,46.5,8964,53.5,86.8,(X),69070,69070,67176,97.3,1894,2.7,67176,97.3,62094,89.9,3685,5.3,227,0.3,2,0,0,0,0,0,12,0,808,1.2,146,0.2,170,0.2,185,0.3,105,0.2,52,0.1,80,0.1,70,0.1,40,0.1,32,0,0,0,0,0,8,0,322,0.5,1894,2.7,764,1.1,437,0.6,317,0.5,45,0.1,69070,69070,63847,92.4,4683,6.8,899,1.3,1271,1.8,86,0.1,453,0.7,69070,69070,2966,4.3,1942,2.8,322,0.5,121,0.2,581,0.8,66104,95.7,59661,86.4,3667,5.3,206,0.3,808,1.2,40,0.1,91,0.1,1631,2.4,14,0,1617,2.3,50219,(X),55780,55780,26902,48.2,28878,51.8
37033,"Caswell County, North Carolina",22684,22684,11395,50.2,11289,49.8,100.9,(X),1048,4.6,1091,4.8,1353,6,1244,5.5,1233,5.4,2422,10.7,2673,11.8,3248,14.3,1977,8.7,1700,7.5,2839,12.5,1316,5.8,540,2.4,45.7,(X),4269,18.8,18916,83.4,18415,81.2,17717,78.1,5683,25.1,4695,20.7,18415,18415,9274,50.4,9141,49.6,101.5,(X),4695,4695,2063,43.9,2632,56.1,78.4,(X),22684,22684,22392,98.7,292,1.3,22392,98.7,14307,63.1,7425,32.7,48,0.2,0,0,0,0,0,0,0,0,152,0.7,0,0,0,0,107,0.5,0,0,0,0,36,0.2,9,0,22,0.1,7,0,15,0.1,0,0,0,0,438,1.9,292,1.3,155,0.7,9,0,0,0,33,0.1,22684,22684,14550,64.1,7682,33.9,143,0.6,152,0.7,22,0.1,480,2.1,22684,22684,915,4,807,3.6,52,0.2,27,0.1,29,0.1,21769,96,13876,61.2,7421,32.7,48,0.2,152,0.7,22,0.1,0,0,250,1.1,0,0,250,1.1,10823,(X),18069,18069,9062,50.2,9007,49.8
37035,"Catawba County, North Carolina",157613,157613,77099,48.9,80514,51.1,95.8,(X),8889,5.6,9257,5.9,10656,6.8,10352,6.6,9404,6,18289,11.6,19109,12.1,22412,14.2,11652,7.4,10058,6.4,16633,10.6,8148,5.2,2754,1.7,41.4,(X),35250,22.4,126925,80.5,122363,77.6,116321,73.8,33243,21.1,27535,17.5,122363,122363,59068,48.3,63295,51.7,93.3,(X),27535,27535,12139,44.1,15396,55.9,78.8,(X),157613,157613,154068,97.8,3545,2.2,154068,97.8,124641,79.1,12896,8.2,470,0.3,29,0,0,0,0,0,0,0,6855,4.3,277,0.2,242,0.2,154,0.1,91,0.1,129,0.1,325,0.2,5637,3.6,0,0,0,0,0,0,0,0,0,0,9206,5.8,3545,2.2,2137,1.4,472,0.3,269,0.2,91,0.1,157613,157613,127677,81,15355,9.7,1226,0.8,7205,4.6,170,0.1,9579,6.1,157613,157613,15257,9.7,10324,6.6,1218,0.8,148,0.1,3567,2.3,142356,90.3,119056,75.5,12697,8.1,349,0.2,6786,4.3,0,0,404,0.3,3064,1.9,117,0.1,2947,1.9,69024,(X),116531,116531,56363,48.4,60168,51.6
37037,"Chatham County, North Carolina",71338,71338,34010,47.7,37328,52.3,91.1,(X),3461,4.9,4036,5.7,4450,6.2,3819,5.4,3365,4.7,6130,8.6,8365,11.7,10007,14,5305,7.4,5271,7.4,9997,14,4675,6.6,2457,3.4,46.7,(X),14589,20.5,58700,82.3,56749,79.5,54828,76.9,19984,28,17129,24,56749,56749,26864,47.3,29885,52.7,89.9,(X),17129,17129,7616,44.5,9513,55.5,80.1,(X),71338,71338,69176,97,2162,3,69176,97,57718,80.9,8041,11.3,79,0.1,0,0,0,0,0,0,0,0,1068,1.5,161,0.2,549,0.8,112,0.2,39,0.1,41,0.1,115,0.2,51,0.1,48,0.1,27,0,21,0,0,0,0,0,2222,3.1,2162,3,810,1.1,397,0.6,441,0.6,53,0.1,71338,71338,59781,83.8,9180,12.9,782,1.1,1581,2.2,150,0.2,2328,3.3,71338,71338,8707,12.2,5507,7.7,336,0.5,114,0.2,2750,3.9,62631,87.8,51146,71.7,7898,11.1,63,0.1,1068,1.5,48,0.1,384,0.5,2024,2.8,3,0,2021,2.8,32224,(X),52937,52937,24967,47.2,27970,52.8
37039,"Cherokee County, North Carolina",27969,27969,13716,49,14253,51,96.2,(X),1079,3.9,1183,4.2,1586,5.7,1390,5,1212,4.3,2465,8.8,2811,10.1,3512,12.6,2112,7.6,2522,9,4932,17.6,2414,8.6,751,2.7,51.5,(X),4745,17,23734,84.9,23224,83,22605,80.8,9534,34.1,8097,28.9,23224,23224,11221,48.3,12003,51.7,93.5,(X),8097,8097,3803,47,4294,53,88.6,(X),27969,27969,27355,97.8,614,2.2,27355,97.8,26095,93.3,348,1.2,427,1.5,295,1.1,0,0,0,0,0,0,203,0.7,20,0.1,21,0.1,3,0,10,0,75,0.3,73,0.3,1,0,12,0,0,0,12,0,0,0,0,0,270,1,614,2.2,202,0.7,335,1.2,15,0.1,15,0.1,27969,27969,26687,95.4,565,2,784,2.8,225,0.8,30,0.1,292,1,27969,27969,881,3.1,474,1.7,243,0.9,55,0.2,109,0.4,27088,96.9,25450,91,348,1.2,427,1.5,203,0.7,0,0,68,0.2,592,2.1,0,0,592,2.1,18258,(X),22882,22882,10969,47.9,11913,52.1
37041,"Chowan County, North Carolina",14097,14097,6575,46.6,7522,53.4,87.4,(X),639,4.5,528,3.7,1038,7.4,851,6,447,3.2,1846,13.1,1542,10.9,1573,11.2,1105,7.8,1113,7.9,1983,14.1,890,6.3,542,3.8,46,(X),2912,20.7,11625,82.5,11185,79.3,10950,77.7,4173,29.6,3415,24.2,11185,11185,5190,46.4,5995,53.6,86.6,(X),3415,3415,1470,43,1945,57,75.6,(X),14097,14097,13968,99.1,129,0.9,13968,99.1,8615,61.1,4967,35.2,60,0.4,29,0.2,0,0,0,0,0,0,46,0.3,0,0,0,0,0,0,0,0,0,0,0,0,46,0.3,0,0,0,0,0,0,0,0,0,0,280,2,129,0.9,30,0.2,19,0.1,0,0,19,0.1,14097,14097,8725,61.9,5054,35.9,136,1,46,0.3,0,0,303,2.1,14097,14097,520,3.7,422,3,20,0.1,15,0.1,63,0.4,13577,96.3,8449,59.9,4962,35.2,60,0.4,0,0,0,0,0,0,106,0.8,0,0,106,0.8,7304,(X),11120,11120,5132,46.2,5988,53.8
37043,"Clay County, North Carolina",10946,10946,5213,47.6,5733,52.4,90.9,(X),408,3.7,634,5.8,736,6.7,323,3,469,4.3,980,9,1021,9.3,1236,11.3,760,6.9,1081,9.9,1980,18.1,1127,10.3,191,1.7,52.2,(X),1916,17.5,9142,83.5,9030,82.5,8672,79.2,3963,36.2,3298,30.1,9030,9030,4249,47.1,4781,52.9,88.9,(X),3298,3298,1504,45.6,1794,54.4,83.8,(X),10946,10946,10898,99.6,48,0.4,10898,99.6,10580,96.7,228,2.1,43,0.4,0,0,0,0,0,0,0,0,22,0.2,2,0,0,0,0,0,0,0,0,0,20,0.2,0,0,17,0.2,0,0,17,0.2,0,0,0,0,8,0.1,48,0.4,21,0.2,26,0.2,0,0,0,0,10946,10946,10628,97.1,249,2.3,69,0.6,22,0.2,18,0.2,8,0.1,10946,10946,364,3.3,315,2.9,2,0,24,0.2,23,0.2,10582,96.7,10224,93.4,228,2.1,43,0.4,22,0.2,17,0.2,0,0,48,0.4,0,0,48,0.4,7351,(X),8868,8868,4180,47.1,4688,52.9
37045,"Cleveland County, North Carolina",97282,97282,47012,48.3,50270,51.7,93.5,(X),5431,5.6,5904,6.1,6186,6.4,6555,6.7,6360,6.5,10899,11.2,10968,11.3,13649,14,7242,7.4,6396,6.6,10577,10.9,5278,5.4,1837,1.9,41.8,(X),21412,22,78747,80.9,75870,78,71868,73.9,21392,22,17692,18.2,75870,75870,36019,47.5,39851,52.5,90.4,(X),17692,17692,7685,43.4,10007,56.6,76.8,(X),97282,97282,96045,98.7,1237,1.3,96045,98.7,72575,74.6,20386,21,262,0.3,214,0.2,0,0,0,0,0,0,1006,1,232,0.2,43,0,198,0.2,34,0,28,0,0,0,471,0.5,14,0,14,0,0,0,0,0,0,0,1802,1.9,1237,1.3,680,0.7,215,0.2,108,0.1,14,0,97282,97282,73687,75.7,21233,21.8,533,0.5,1218,1.3,17,0,1875,1.9,97282,97282,3423,3.5,2081,2.1,632,0.6,410,0.4,300,0.3,93859,96.5,70925,72.9,20350,20.9,256,0.3,1006,1,0,0,187,0.2,1135,1.2,22,0,1113,1.1,43614,(X),74651,74651,35335,47.3,39316,52.7
37047,"Columbus County, North Carolina",56068,56068,27857,49.7,28211,50.3,98.7,(X),2881,5.1,3342,6,3417,6.1,3627,6.5,3397,6.1,6849,12.2,6516,11.6,7453,13.3,3742,6.7,3908,7,6479,11.6,3466,6.2,991,1.8,41.9,(X),11961,21.3,45719,81.5,44107,78.7,42033,75,13231,23.6,10936,19.5,44107,44107,21787,49.4,22320,50.6,97.6,(X),10936,10936,4688,42.9,6248,57.1,75,(X),56068,56068,55169,98.4,899,1.6,55169,98.4,34778,62,17089,30.5,2094,3.7,90,0.2,0,0,0,0,29,0.1,228,0.4,58,0.1,10,0,33,0.1,21,0,69,0.1,11,0,26,0,8,0,0,0,1,0,7,0,0,0,972,1.7,899,1.6,283,0.5,148,0.3,70,0.1,301,0.5,56068,56068,35327,63,17755,31.7,2588,4.6,334,0.6,11,0,996,1.8,56068,56068,2983,5.3,2549,4.5,132,0.2,71,0.1,231,0.4,53085,94.7,33257,59.3,16813,30,1904,3.4,228,0.4,8,0,84,0.1,791,1.4,23,0,768,1.4,26332,(X),43152,43152,21291,49.3,21861,50.7
37049,"Craven County, North Carolina",102491,102491,51769,50.5,50722,49.5,102.1,(X),6527,6.4,6264,6.1,6088,5.9,6162,6,9997,9.8,13552,13.2,11403,11.1,10614,10.4,6108,6,6599,6.4,11134,10.9,5901,5.8,2142,2.1,37,(X),22337,21.8,82449,80.4,80154,78.2,75486,73.7,23349,22.8,19177,18.7,80154,80154,40556,50.6,39598,49.4,102.4,(X),19177,19177,8611,44.9,10566,55.1,81.5,(X),102491,102491,100170,97.7,2321,2.3,100170,97.7,72130,70.4,22169,21.6,883,0.9,45,0,0,0,14,0,19,0,2823,2.8,0,0,96,0.1,370,0.4,98,0.1,108,0.1,213,0.2,1938,1.9,112,0.1,51,0,43,0,0,0,18,0,2053,2,2321,2.3,755,0.7,230,0.2,462,0.5,279,0.3,102491,102491,73971,72.2,23327,22.8,1439,1.4,3629,3.5,509,0.5,2182,2.1,102491,102491,7469,7.3,4826,4.7,1315,1.3,63,0.1,1265,1.2,95022,92.7,67517,65.9,21907,21.4,587,0.6,2807,2.7,112,0.1,62,0.1,2030,2,17,0,2013,2,47146,(X),77997,77997,39401,50.5,38596,49.5
37051,"Cumberland County, North Carolina",332861,332861,165585,49.7,167276,50.3,99,(X),25245,7.6,22960,6.9,21406,6.4,22966,6.9,34376,10.3,57027,17.1,39076,11.7,36318,10.9,18778,5.6,16187,4.9,22922,6.9,11715,3.5,3885,1.2,31.3,(X),82308,24.7,258949,77.8,250553,75.3,233678,70.2,47586,14.3,38522,11.6,250553,250553,123848,49.4,126705,50.6,97.7,(X),38522,38522,16233,42.1,22289,57.9,72.8,(X),332861,332861,313079,94.1,19782,5.9,313079,94.1,166394,50,123259,37,4881,1.5,476,0.1,97,0,84,0,98,0,8267,2.5,1076,0.3,864,0.3,1485,0.4,486,0.1,2197,0.7,1116,0.3,1043,0.3,1018,0.3,180,0.1,463,0.1,154,0,221,0.1,9260,2.8,19782,5.9,7397,2.2,2256,0.7,2845,0.9,1776,0.5,332861,332861,182013,54.7,135922,40.8,10239,3.1,13431,4,2374,0.7,11057,3.3,332861,332861,38555,11.6,13391,4,13275,4,989,0.3,10900,3.3,294306,88.4,144661,43.5,119718,36,4374,1.3,7965,2.4,874,0.3,968,0.3,15746,4.7,297,0.1,15449,4.6,146328,(X),242505,242505,120567,49.7,121938,50.3
37053,"Currituck County, North Carolina",26363,26363,13103,49.7,13260,50.3,98.8,(X),1426,5.4,1826,6.9,1519,5.8,1597,6.1,1200,4.6,3039,11.5,3417,13,3974,15.1,2116,8,2072,7.9,2700,10.2,1071,4.1,406,1.5,42.8,(X),5837,22.1,21193,80.4,20526,77.9,19728,74.8,5300,20.1,4177,15.8,20526,20526,10114,49.3,10412,50.7,97.1,(X),4177,4177,1949,46.7,2228,53.3,87.5,(X),26363,26363,25739,97.6,624,2.4,25739,97.6,23822,90.4,1461,5.5,87,0.3,38,0.1,15,0.1,0,0,34,0.1,114,0.4,8,0,4,0,60,0.2,3,0,0,0,16,0.1,23,0.1,6,0,6,0,0,0,0,0,0,0,249,0.9,624,2.4,272,1,172,0.7,94,0.4,33,0.1,26363,26363,24405,92.6,1779,6.7,322,1.2,233,0.9,6,0,277,1.1,26363,26363,1048,4,497,1.9,318,1.2,2,0,231,0.9,25315,96,22990,87.2,1457,5.5,87,0.3,110,0.4,6,0,115,0.4,550,2.1,8,0,542,2.1,15806,(X),20343,20343,9969,49,10374,51
37055,"Dare County, North Carolina",36222,36222,18110,50,18112,50,100,(X),1568,4.3,2019,5.6,2170,6,1840,5.1,1677,4.6,3548,9.8,4565,12.6,5006,13.8,2936,8.1,3394,9.4,4918,13.6,2070,5.7,511,1.4,46.5,(X),6981,19.3,30068,83,29241,80.7,28343,78.2,9559,26.4,7499,20.7,29241,29241,14324,49,14917,51,96,(X),7499,7499,3570,47.6,3929,52.4,90.9,(X),36222,36222,35560,98.2,662,1.8,35560,98.2,33591,92.7,1086,3,142,0.4,118,0.3,0,0,4,0,11,0,279,0.8,0,0,85,0.2,75,0.2,19,0.1,2,0,79,0.2,19,0.1,12,0,12,0,0,0,0,0,0,0,450,1.2,662,1.8,203,0.6,159,0.4,78,0.2,59,0.2,36222,36222,34184,94.4,1370,3.8,374,1,359,1,12,0,599,1.7,36222,36222,2714,7.5,1173,3.2,178,0.5,212,0.6,1151,3.2,33508,92.5,31609,87.3,919,2.5,138,0.4,279,0.8,12,0,49,0.1,502,1.4,10,0,492,1.4,34745,(X),28224,28224,13872,49.1,14352,50.9
37057,"Davidson County, North Carolina",165381,165381,80791,48.9,84590,51.1,95.5,(X),9046,5.5,10190,6.2,10636,6.4,10161,6.1,9149,5.5,18924,11.4,19692,11.9,24604,14.9,12638,7.6,10858,6.6,17256,10.4,9467,5.7,2760,1.7,42.5,(X),36654,22.2,133320,80.6,128727,77.8,123153,74.5,36087,21.8,29483,17.8,128727,128727,62083,48.2,66644,51.8,93.2,(X),29483,29483,13114,44.5,16369,55.5,80.1,(X),165381,165381,162377,98.2,3004,1.8,162377,98.2,141830,85.8,15232,9.2,512,0.3,115,0.1,0,0,0,0,0,0,2586,1.6,86,0.1,271,0.2,239,0.1,12,0,66,0,160,0.1,1752,1.1,16,0,16,0,0,0,0,0,0,0,2201,1.3,3004,1.8,917,0.6,906,0.5,225,0.1,170,0.1,165381,165381,144104,87.1,16909,10.2,1973,1.2,3345,2,78,0,2409,1.5,165381,165381,11754,7.1,7550,4.6,1135,0.7,242,0.1,2827,1.7,153627,92.9,132598,80.2,15129,9.1,441,0.3,2536,1.5,16,0,137,0.1,2770,1.7,28,0,2742,1.7,74839,(X),123771,123771,59606,48.2,64165,51.8
37059,"Davie County, North Carolina",42257,42257,20485,48.5,21772,51.5,94.1,(X),2062,4.9,2566,6.1,2602,6.2,2645,6.3,2149,5.1,4211,10,4798,11.4,6422,15.2,3126,7.4,3121,7.4,4906,11.6,2948,7,701,1.7,45.2,(X),9015,21.3,34578,81.8,33242,78.7,32019,75.8,10354,24.5,8555,20.2,33242,33242,15883,47.8,17359,52.2,91.5,(X),8555,8555,3855,45.1,4700,54.9,82,(X),42257,42257,41032,97.1,1225,2.9,41032,97.1,37753,89.3,2094,5,126,0.3,68,0.2,0,0,0,0,0,0,300,0.7,23,0.1,163,0.4,71,0.2,17,0,0,0,26,0.1,0,0,0,0,0,0,0,0,0,0,0,0,759,1.8,1225,2.9,232,0.5,752,1.8,85,0.2,55,0.1,42257,42257,38923,92.1,2400,5.7,987,2.3,420,1,11,0,795,1.9,42257,42257,2875,6.8,2170,5.1,157,0.4,39,0.1,509,1.2,39382,93.2,35669,84.4,2094,5,126,0.3,300,0.7,0,0,33,0.1,1160,2.7,13,0,1147,2.7,18753,(X),32039,32039,15254,47.6,16785,52.4
37061,"Duplin County, North Carolina",58967,58967,28715,48.7,30252,51.3,94.9,(X),3693,6.3,4229,7.2,3858,6.5,3831,6.5,3448,5.8,6636,11.3,6967,11.8,7571,12.8,4159,7.1,3995,6.8,6192,10.5,3107,5.3,1281,2.2,40.5,(X),14319,24.3,46364,78.6,44648,75.7,42736,72.5,12925,21.9,10580,17.9,44648,44648,21327,47.8,23321,52.2,91.4,(X),10580,10580,4635,43.8,5945,56.2,78,(X),58967,58967,57824,98.1,1143,1.9,57824,98.1,42010,71.2,14006,23.8,270,0.5,4,0,0,0,0,0,0,0,223,0.4,94,0.2,0,0,34,0.1,40,0.1,51,0.1,4,0,0,0,61,0.1,13,0,13,0,0,0,35,0.1,1254,2.1,1143,1.9,485,0.8,215,0.4,82,0.1,15,0,58967,58967,42916,72.8,14824,25.1,573,1,525,0.9,90,0.2,1282,2.2,58967,58967,13072,22.2,7887,13.4,384,0.7,53,0.1,4748,8.1,45895,77.8,30404,51.6,13915,23.6,263,0.4,223,0.4,48,0.1,42,0.1,1000,1.7,0,0,1000,1.7,25958,(X),39180,39180,18266,46.6,20914,53.4
37063,"Durham County, North Carolina",311848,311848,149039,47.8,162809,52.2,91.5,(X),20472,6.6,18702,6,16746,5.4,20044,6.4,21591,6.9,56279,18,44228,14.2,38414,12.3,18465,5.9,17641,5.7,24357,7.8,10269,3.3,4640,1.5,35.4,(X),65821,21.1,252012,80.8,246027,78.9,231782,74.3,49703,15.9,39266,12.6,246027,246027,115573,47,130454,53,88.6,(X),39266,39266,16456,41.9,22810,58.1,72.1,(X),311848,311848,302307,96.9,9541,3.1,302307,96.9,161919,51.9,113682,36.5,779,0.2,137,0,23,0,16,0,10,0,15279,4.9,4643,1.5,4086,1.3,1732,0.6,367,0.1,1602,0.5,1426,0.5,1423,0.5,129,0,82,0,12,0,0,0,35,0,10519,3.4,9541,3.1,3449,1.1,996,0.3,2119,0.7,841,0.3,311848,311848,169605,54.4,119240,38.2,3084,1,18232,5.8,411,0.1,11523,3.7,311848,311848,42079,13.5,19097,6.1,3457,1.1,709,0.2,18816,6,269769,86.5,132449,42.5,111903,35.9,661,0.2,15192,4.9,129,0,881,0.3,8554,2.7,249,0.1,8305,2.7,136060,(X),219327,219327,100934,46,118393,54
37065,"Edgecombe County, North Carolina",52648,52648,24421,46.4,28227,53.6,86.5,(X),3058,5.8,2976,5.7,3879,7.4,3194,6.1,3207,6.1,6205,11.8,5693,10.8,6584,12.5,3815,7.2,4052,7.7,5927,11.3,3004,5.7,1054,2,41.7,(X),12012,22.8,42168,80.1,40636,77.2,38897,73.9,12446,23.6,9985,19,40636,40636,18256,44.9,22380,55.1,81.6,(X),9985,9985,4142,41.5,5843,58.5,70.9,(X),52648,52648,51841,98.5,807,1.5,51841,98.5,20721,39.4,30332,57.6,70,0.1,13,0,0,0,0,0,0,0,113,0.2,6,0,52,0.1,22,0,0,0,11,0,22,0,0,0,62,0.1,0,0,0,0,8,0,54,0.1,543,1,807,1.5,385,0.7,43,0.1,78,0.1,16,0,52648,52648,21336,40.5,30936,58.8,204,0.4,208,0.4,99,0.2,723,1.4,52648,52648,2415,4.6,1421,2.7,192,0.4,0,0,802,1.5,50233,95.4,19065,36.2,30251,57.5,70,0.1,113,0.2,62,0.1,37,0.1,635,1.2,8,0,627,1.2,24990,(X),39951,39951,17859,44.7,22092,55.3
37067,"Forsyth County, North Carolina",375195,375195,177935,47.4,197260,52.6,90.2,(X),22660,6,24981,6.7,24349,6.5,26933,7.2,24608,6.6,49008,13.1,45304,12.1,50149,13.4,26502,7.1,22232,5.9,34235,9.1,17626,4.7,6608,1.8,38.4,(X),87038,23.2,298554,79.6,288157,76.8,270098,72,71319,19,58469,15.6,288157,288157,133548,46.3,154609,53.7,86.4,(X),58469,58469,24765,42.4,33704,57.6,73.5,(X),375195,375195,365976,97.5,9219,2.5,365976,97.5,247912,66.1,98362,26.2,1488,0.4,301,0.1,17,0,3,0,0,0,8830,2.4,2125,0.6,2647,0.7,1347,0.4,157,0,601,0.2,488,0.1,1465,0.4,356,0.1,158,0,129,0,0,0,69,0,9028,2.4,9219,2.5,3615,1,921,0.2,1195,0.3,727,0.2,375195,375195,255579,68.1,104342,27.8,4010,1.1,10776,2.9,951,0.3,10362,2.8,375195,375195,48057,12.8,30399,8.1,4756,1.3,962,0.3,11940,3.2,327138,87.2,212708,56.7,96298,25.7,1140,0.3,8752,2.3,153,0,1154,0.3,6933,1.8,239,0.1,6694,1.8,164902,(X),269429,269429,124010,46,145419,54
37069,"Franklin County, North Carolina",66362,66362,32942,49.6,33420,50.4,98.6,(X),3725,5.6,3665,5.5,4674,7,4269,6.4,3939,5.9,7590,11.4,8271,12.5,9624,14.5,4958,7.5,4739,7.1,6735,10.1,3206,4.8,967,1.5,41.4,(X),14716,22.2,53488,80.6,51646,77.8,49233,74.2,13704,20.7,10908,16.4,51646,51646,25408,49.2,26238,50.8,96.8,(X),10908,10908,4829,44.3,6079,55.7,79.4,(X),66362,66362,64507,97.2,1855,2.8,64507,97.2,44679,67.3,16594,25,794,1.2,57,0.1,12,0,0,0,0,0,329,0.5,89,0.1,7,0,96,0.1,0,0,24,0,45,0.1,68,0.1,159,0.2,159,0.2,0,0,0,0,0,0,1952,2.9,1855,2.8,616,0.9,308,0.5,134,0.2,62,0.1,66362,66362,46243,69.7,17691,26.7,1449,2.2,709,1.1,159,0.2,2367,3.6,66362,66362,5587,8.4,4067,6.1,543,0.8,94,0.1,883,1.3,60775,91.6,42120,63.5,16456,24.8,258,0.4,326,0.5,2,0,286,0.4,1327,2,143,0.2,1184,1.8,28507,(X),49311,49311,23961,48.6,25350,51.4
37071,"Gaston County, North Carolina",219271,219271,105755,48.2,113516,51.8,93.2,(X),13080,6,13799,6.3,14141,6.4,13793,6.3,12902,5.9,28416,13,27746,12.7,31851,14.5,14456,6.6,14370,6.6,20914,9.5,9919,4.5,3884,1.8,40.1,(X),49808,22.7,175531,80.1,169463,77.3,162171,74,43242,19.7,34717,15.8,169463,169463,80428,47.5,89035,52.5,90.3,(X),34717,34717,14729,42.4,19988,57.6,73.7,(X),219271,219271,213654,97.4,5617,2.6,213654,97.4,168959,77.1,35824,16.3,706,0.3,121,0.1,0,0,0,0,0,0,3357,1.5,622,0.3,244,0.1,780,0.4,107,0,133,0.1,529,0.2,942,0.4,218,0.1,128,0.1,0,0,61,0,29,0,4590,2.1,5617,2.6,2489,1.1,1039,0.5,572,0.3,410,0.2,219271,219271,173858,79.3,39466,18,2609,1.2,4306,2,257,0.1,4981,2.3,219271,219271,15368,7,8573,3.9,1944,0.9,618,0.3,4233,1.9,203903,93,158895,72.5,35454,16.2,618,0.3,3346,1.5,131,0.1,491,0.2,4968,2.3,44,0,4924,2.2,92873,(X),163318,163318,77270,47.3,86048,52.7
37073,"Gates County, North Carolina",11548,11548,5641,48.8,5907,51.2,95.5,(X),461,4,713,6.2,782,6.8,616,5.3,617,5.3,1173,10.2,1157,10,1834,15.9,1033,8.9,879,7.6,1453,12.6,601,5.2,229,2,46.5,(X),2361,20.4,9458,81.9,9187,79.6,8897,77,2849,24.7,2283,19.8,9187,9187,4474,48.7,4713,51.3,94.9,(X),2283,2283,1051,46,1232,54,85.3,(X),11548,11548,11345,98.2,203,1.8,11345,98.2,7314,63.3,3859,33.4,109,0.9,38,0.3,0,0,0,0,0,0,61,0.5,0,0,50,0.4,0,0,0,0,0,0,0,0,11,0.1,0,0,0,0,0,0,0,0,0,0,2,0,203,1.8,33,0.3,12,0.1,0,0,41,0.4,11548,11548,7449,64.5,4039,35,162,1.4,151,1.3,38,0.3,2,0,11548,11548,11,0.1,11,0.1,0,0,0,0,0,0,11537,99.9,7305,63.3,3859,33.4,109,0.9,61,0.5,0,0,0,0,203,1.8,0,0,203,1.8,5380,(X),9157,9157,4464,48.7,4693,51.3
37075,"Graham County, North Carolina",8509,8509,4136,48.6,4373,51.4,94.6,(X),379,4.5,483,5.7,570,6.7,619,7.3,379,4.5,819,9.6,906,10.6,1192,14,543,6.4,648,7.6,1111,13.1,540,6.3,320,3.8,46.2,(X),1749,20.6,7007,82.3,6760,79.4,6335,74.5,2329,27.4,1971,23.2,6760,6760,3249,48.1,3511,51.9,92.5,(X),1971,1971,900,45.7,1071,54.3,84,(X),8509,8509,8423,99,86,1,8423,99,7436,87.4,17,0.2,859,10.1,723,8.5,0,0,0,0,11,0.1,0,0,0,0,0,0,0,0,0,0,0,0,0,0,0,0,1,0,0,0,0,0,0,0,1,0,110,1.3,86,1,0,0,86,1,0,0,0,0,8509,8509,7522,88.4,17,0.2,945,11.1,0,0,1,0,110,1.3,8509,8509,178,2.1,85,1,0,0,0,0,93,1.1,8331,97.9,7368,86.6,17,0.2,859,10.1,0,0,1,0,0,0,86,1,0,0,86,1,6050,(X),6661,6661,3186,47.8,3475,52.2
37077,"Granville County, North Carolina",59328,59328,30241,51,29087,49,104,(X),2940,5,3287,5.5,3740,6.3,3829,6.5,3642,6.1,6776,11.4,7436,12.5,9168,15.5,4988,8.4,3664,6.2,5990,10.1,3013,5.1,855,1.4,42.7,(X),12301,20.7,48718,82.1,47027,79.3,44649,75.3,11839,20,9858,16.6,47027,47027,23870,50.8,23157,49.2,103.1,(X),9858,9858,4384,44.5,5474,55.5,80.1,(X),59328,59328,56728,95.6,2600,4.4,56728,95.6,36216,61,17842,30.1,258,0.4,62,0.1,0,0,0,0,8,0,312,0.5,137,0.2,50,0.1,15,0,8,0,82,0.1,20,0,0,0,42,0.1,42,0.1,0,0,0,0,0,0,2058,3.5,2600,4.4,1200,2,174,0.3,94,0.2,215,0.4,59328,59328,38486,64.9,19631,33.1,965,1.6,523,0.9,171,0.3,2526,4.3,59328,59328,4715,7.9,3320,5.6,515,0.9,165,0.3,715,1.2,54613,92.1,34408,58,17667,29.8,220,0.4,312,0.5,42,0.1,114,0.2,1850,3.1,93,0.2,1757,3,24318,(X),45560,45560,23002,50.5,22558,49.5
37079,"Greene County, North Carolina",21033,21033,11674,55.5,9359,44.5,124.7,(X),1051,5,1247,5.9,1250,5.9,1185,5.6,1317,6.3,2798,13.3,3102,14.7,2696,12.8,1608,7.6,1463,7,1987,9.4,991,4.7,338,1.6,40.7,(X),4313,20.5,17241,82,16720,79.5,16022,76.2,4083,19.4,3316,15.8,16720,16720,9262,55.4,7458,44.6,124.2,(X),3316,3316,1448,43.7,1868,56.3,77.5,(X),21033,21033,20359,96.8,674,3.2,20359,96.8,12519,59.5,7334,34.9,103,0.5,17,0.1,0,0,0,0,0,0,17,0.1,0,0,0,0,7,0,0,0,0,0,0,0,10,0,7,0,0,0,0,0,0,0,7,0,379,1.8,674,3.2,254,1.2,94,0.4,90,0.4,58,0.3,21033,21033,13086,62.2,7767,36.9,276,1.3,183,0.9,20,0.1,456,2.2,21033,21033,3173,15.1,2909,13.8,79,0.4,23,0.1,162,0.8,17860,84.9,9835,46.8,7289,34.7,93,0.4,17,0.1,7,0,27,0.1,592,2.8,53,0.3,539,2.6,8331,(X),15500,15500,8485,54.7,7015,45.3
37081,"Guilford County, North Carolina",527868,527868,249974,47.4,277894,52.6,90,(X),31282,5.9,31530,6,34658,6.6,40020,7.6,38337,7.3,72567,13.7,65029,12.3,70725,13.4,34152,6.5,31358,5.9,45884,8.7,22597,4.3,9729,1.8,37.1,(X),118144,22.4,423603,80.2,409724,77.6,381246,72.2,96519,18.3,78210,14.8,409724,409724,189940,46.4,219784,53.6,86.4,(X),78210,78210,33215,42.5,44995,57.5,73.8,(X),527868,527868,513425,97.3,14443,2.7,513425,97.3,291462,55.2,178875,33.9,2858,0.5,501,0.1,56,0,36,0,24,0,26115,4.9,5277,1,2972,0.6,1179,0.2,603,0.1,1973,0.4,5941,1.1,8170,1.5,362,0.1,217,0,10,0,65,0,70,0,13753,2.6,14443,2.7,5432,1,1392,0.3,1962,0.4,1780,0.3,527868,527868,302759,57.4,188692,35.7,7539,1.4,28967,5.5,969,0.2,15381,2.9,527868,527868,42071,8,25303,4.8,4249,0.8,1119,0.2,11400,2.2,485797,92,265781,50.3,177002,33.5,2147,0.4,26004,4.9,240,0,1933,0.4,12690,2.4,620,0.1,12070,2.3,228346,(X),382316,382316,175494,45.9,206822,54.1
37083,"Halifax County, North Carolina",51190,51190,24757,48.4,26433,51.6,93.7,(X),2767,5.4,2893,5.7,3422,6.7,3073,6,2888,5.6,5894,11.5,5504,10.8,6772,13.2,3897,7.6,3779,7.4,5962,11.6,3135,6.1,1204,2.4,43.4,(X),11011,21.5,41487,81,40179,78.5,38485,75.2,12612,24.6,10301,20.1,40179,40179,18994,47.3,21185,52.7,89.7,(X),10301,10301,4338,42.1,5963,57.9,72.7,(X),51190,51190,50189,98,1001,2,50189,98,20721,40.5,27013,52.8,1930,3.8,18,0,0,0,15,0,0,0,374,0.7,81,0.2,79,0.2,97,0.2,11,0,0,0,93,0.2,13,0,74,0.1,65,0.1,9,0,0,0,0,0,77,0.2,1001,2,245,0.5,187,0.4,28,0.1,334,0.7,51190,51190,21253,41.5,27694,54.1,2495,4.9,471,0.9,106,0.2,212,0.4,51190,51190,1475,2.9,777,1.5,171,0.3,23,0,504,1,49715,97.1,19657,38.4,26931,52.6,1800,3.5,374,0.7,74,0.1,5,0,874,1.7,73,0.1,801,1.6,25939,(X),39784,39784,18813,47.3,20971,52.7
37085,"Harnett County, North Carolina",132283,132283,65571,49.6,66712,50.4,98.3,(X),9852,7.4,9823,7.4,9874,7.5,9031,6.8,8144,6.2,20799,15.7,18008,13.6,16372,12.4,7571,5.7,6720,5.1,9810,7.4,4843,3.7,1436,1.1,34.4,(X),34901,26.4,100866,76.3,97382,73.6,91794,69.4,19951,15.1,16089,12.2,97382,97382,47666,48.9,49716,51.1,95.9,(X),16089,16089,6955,43.2,9134,56.8,76.1,(X),132283,132283,127408,96.3,4875,3.7,127408,96.3,88760,67.1,27536,20.8,1278,1,200,0.2,0,0,42,0,0,0,1490,1.1,184,0.1,69,0.1,474,0.4,29,0,256,0.2,113,0.1,365,0.3,362,0.3,155,0.1,103,0.1,43,0,61,0,7982,6,4875,3.7,1947,1.5,808,0.6,654,0.5,172,0.1,132283,132283,92860,70.2,30499,23.1,2490,1.9,2624,2,701,0.5,8444,6.4,132283,132283,16889,12.8,10160,7.7,3637,2.7,243,0.2,2849,2.2,115394,87.2,81138,61.3,27004,20.4,1035,0.8,1382,1,198,0.1,448,0.3,4189,3.2,110,0.1,4079,3.1,51828,(X),92632,92632,45138,48.7,47494,51.3
37087,"Haywood County, North Carolina",61053,61053,29481,48.3,31572,51.7,93.4,(X),3014,4.9,2625,4.3,3415,5.6,3243,5.3,2954,4.8,6819,11.2,6707,11,8085,13.2,4450,7.3,4876,8,8603,14.1,4656,7.6,1606,2.6,47.6,(X),11149,18.3,51374,84.1,49904,81.7,48248,79,17667,28.9,14865,24.3,49904,49904,23692,47.5,26212,52.5,90.4,(X),14865,14865,6691,45,8174,55,81.9,(X),61053,61053,60145,98.5,908,1.5,60145,98.5,58313,95.5,572,0.9,283,0.5,168,0.3,0,0,0,0,54,0.1,399,0.7,91,0.1,30,0,162,0.3,0,0,77,0.1,13,0,26,0,0,0,0,0,0,0,0,0,0,0,578,0.9,908,1.5,326,0.5,375,0.6,56,0.1,30,0,61053,61053,59191,97,957,1.6,707,1.2,484,0.8,40,0.1,641,1,61053,61053,2425,4,1711,2.8,182,0.3,215,0.4,317,0.5,58628,96,56545,92.6,572,0.9,262,0.4,355,0.6,0,0,49,0.1,845,1.4,0,0,845,1.4,35514,(X),49153,49153,23237,47.3,25916,52.7
37089,"Henderson County, North Carolina",114913,114913,55243,48.1,59670,51.9,92.6,(X),5606,4.9,6545,5.7,5976,5.2,6066,5.3,5221,4.5,11565,10.1,13058,11.4,14877,12.9,8177,7.1,8590,7.5,16489,14.3,9005,7.8,3738,3.3,47.4,(X),22061,19.2,95607,83.2,92852,80.8,89612,78,33961,29.6,29232,25.4,92852,92852,43928,47.3,48924,52.7,89.8,(X),29232,29232,12986,44.4,16246,55.6,79.9,(X),114913,114913,113041,98.4,1872,1.6,113041,98.4,104809,91.2,4002,3.5,425,0.4,0,0,62,0.1,0,0,0,0,1537,1.3,70,0.1,460,0.4,419,0.4,20,0,68,0.1,160,0.1,340,0.3,0,0,0,0,0,0,0,0,0,0,2268,2,1872,1.6,876,0.8,584,0.5,157,0.1,9,0,114913,114913,106659,92.8,4940,4.3,1040,0.9,1715,1.5,0,0,2492,2.2,114913,114913,11575,10.1,8366,7.3,630,0.5,182,0.2,2397,2.1,103338,89.9,95501,83.1,3859,3.4,425,0.4,1489,1.3,0,0,387,0.3,1677,1.5,104,0.1,1573,1.4,57508,(X),88100,88100,41251,46.8,46849,53.2
37091,"Hertford County, North Carolina",24012,24012,11901,49.6,12111,50.4,98.3,(X),1109,4.6,1018,4.2,1571,6.5,2018,8.4,1641,6.8,2796,11.6,2554,10.6,2984,12.4,1883,7.8,1785,7.4,2625,10.9,1475,6.1,553,2.3,42.2,(X),4563,19,20015,83.4,19449,81,17967,74.8,5732,23.9,4653,19.4,19449,19449,9597,49.3,9852,50.7,97.4,(X),4653,4653,1960,42.1,2693,57.9,72.8,(X),24012,24012,23416,97.5,596,2.5,23416,97.5,8422,35.1,14263,59.4,289,1.2,15,0.1,5,0,0,0,0,0,184,0.8,21,0.1,15,0.1,83,0.3,0,0,35,0.1,3,0,27,0.1,38,0.2,33,0.1,0,0,5,0,0,0,220,0.9,596,2.5,129,0.5,46,0.2,2,0,100,0.4,24012,24012,8856,36.9,14757,61.5,654,2.7,246,1,61,0.3,259,1.1,24012,24012,921,3.8,571,2.4,137,0.6,6,0,207,0.9,23091,96.2,7984,33.3,14090,58.7,271,1.1,184,0.8,38,0.2,9,0,515,2.1,2,0,513,2.1,10660,(X),18951,18951,9243,48.8,9708,51.2
37093,"Hoke County, North Carolina",53957,53957,26783,49.6,27174,50.4,98.6,(X),4670,8.7,4026,7.5,4066,7.5,3403,6.3,3121,5.8,9680,17.9,7772,14.4,6245,11.6,3196,5.9,2585,4.8,3389,6.3,1214,2.2,590,1.1,32.8,(X),14911,27.6,40490,75,39046,72.4,37129,68.8,6584,12.2,5193,9.6,39046,39046,19081,48.9,19965,51.1,95.6,(X),5193,5193,2326,44.8,2867,55.2,81.1,(X),53957,53957,51337,95.1,2620,4.9,51337,95.1,23935,44.4,18259,33.8,4392,8.1,141,0.3,0,0,0,0,3,0,816,1.5,99,0.2,19,0,291,0.5,25,0,139,0.3,6,0,237,0.4,71,0.1,44,0.1,11,0,0,0,16,0,3864,7.2,2620,4.9,593,1.1,697,1.3,250,0.5,332,0.6,53957,53957,25989,48.2,19717,36.5,5648,10.5,1301,2.4,346,0.6,4138,7.7,53957,53957,7198,13.3,4104,7.6,1452,2.7,120,0.2,1522,2.8,46759,86.7,21519,39.9,17834,33.1,4219,7.8,816,1.5,44,0.1,220,0.4,2107,3.9,15,0,2092,3.9,20880,(X),37009,37009,18193,49.2,18816,50.8
37095,"Hyde County, North Carolina",5213,5213,2745,52.7,2468,47.3,111.2,(X),253,4.9,306,5.9,284,5.4,410,7.9,148,2.8,578,11.1,853,16.4,671,12.9,284,5.4,414,7.9,649,12.4,325,6.2,38,0.7,40.9,(X),1091,20.9,4247,81.5,4122,79.1,3952,75.8,1292,24.8,1012,19.4,4122,4122,2185,53,1937,47,112.8,(X),1012,1012,484,47.8,528,52.2,91.7,(X),5213,5213,5161,99,52,1,5161,99,3468,66.5,1550,29.7,6,0.1,0,0,0,0,0,0,0,0,0,0,0,0,0,0,0,0,0,0,0,0,0,0,0,0,0,0,0,0,0,0,0,0,0,0,137,2.6,52,1,52,1,0,0,0,0,0,0,5213,5213,3520,67.5,1602,30.7,6,0.1,0,0,0,0,137,2.6,5213,5213,539,10.3,479,9.2,9,0.2,0,0,51,1,4674,89.7,3069,58.9,1547,29.7,6,0.1,0,0,0,0,0,0,52,1,0,0,52,1,3353,(X),3949,3949,2104,53.3,1845,46.7
37097,"Iredell County, North Carolina",175538,175538,86425,49.2,89113,50.8,97,(X),9693,5.5,10601,6,12643,7.2,11832,6.7,10084,5.7,20658,11.8,22427,12.8,26805,15.3,13154,7.5,10341,5.9,16583,9.4,8092,4.6,2625,1.5,40.6,(X),40661,23.2,139790,79.6,134877,76.8,128448,73.2,33404,19,27300,15.6,134877,134877,65678,48.7,69199,51.3,94.9,(X),27300,27300,12199,44.7,15101,55.3,80.8,(X),175538,175538,171671,97.8,3867,2.2,171671,97.8,142604,81.2,21339,12.2,454,0.3,21,0,19,0,0,0,0,0,4394,2.5,1771,1,462,0.3,358,0.2,389,0.2,174,0.1,91,0.1,1149,0.7,125,0.1,0,0,0,0,0,0,125,0.1,2755,1.6,3867,2.2,1343,0.8,1006,0.6,733,0.4,146,0.1,175538,175538,146226,83.3,23070,13.1,1792,1,5277,3,153,0.1,3152,1.8,175538,175538,13386,7.6,7953,4.5,1209,0.7,213,0.1,4011,2.3,162152,92.4,133370,76,20854,11.9,259,0.1,4340,2.5,0,0,138,0.1,3191,1.8,98,0.1,3093,1.8,74184,(X),128422,128422,62348,48.5,66074,51.5
37099,"Jackson County, North Carolina",42938,42938,20985,48.9,21953,51.1,95.6,(X),2030,4.7,1863,4.3,1999,4.7,4313,10,5317,12.4,4659,10.9,4287,10,4757,11.1,2490,5.8,2953,6.9,5108,11.9,2520,5.9,642,1.5,37.7,(X),7210,16.8,36660,85.4,35728,83.2,30986,72.2,10100,23.5,8270,19.3,35728,35728,17206,48.2,18522,51.8,92.9,(X),8270,8270,3809,46.1,4461,53.9,85.4,(X),42938,42938,41423,96.5,1515,3.5,41423,96.5,35688,83.1,956,2.2,3443,8,3103,7.2,0,0,0,0,41,0.1,315,0.7,177,0.4,22,0.1,12,0,3,0,19,0,49,0.1,33,0.1,0,0,0,0,0,0,0,0,0,0,1021,2.4,1515,3.5,176,0.4,568,1.3,196,0.5,42,0.1,42938,42938,36880,85.9,1342,3.1,4410,10.3,563,1.3,64,0.1,1348,3.1,42938,42938,2552,5.9,1390,3.2,357,0.8,119,0.3,686,1.6,40386,94.1,34635,80.7,928,2.2,3283,7.6,302,0.7,0,0,56,0.1,1182,2.8,10,0,1172,2.7,27297,(X),34530,34530,16423,47.6,18107,52.4
37101,"Johnston County, North Carolina",196870,196870,96841,49.2,100029,50.8,96.8,(X),12465,6.3,13568,6.9,15655,8,13404,6.8,10949,5.6,23980,12.2,27662,14.1,29689,15.1,12583,6.4,11317,5.7,16279,8.3,6867,3.5,2452,1.2,38.4,(X),50504,25.7,152074,77.2,146366,74.3,139293,70.8,32469,16.5,25598,13,146366,146366,70864,48.4,75502,51.6,93.9,(X),25598,25598,11189,43.7,14409,56.3,77.7,(X),196870,196870,191606,97.3,5264,2.7,191606,97.3,152007,77.2,31423,16,1349,0.7,134,0.1,0,0,0,0,6,0,1242,0.6,178,0.1,435,0.2,392,0.2,21,0,73,0,68,0,75,0,69,0,11,0,0,0,58,0,0,0,5516,2.8,5264,2.7,2291,1.2,598,0.3,811,0.4,143,0.1,196870,196870,156612,79.6,34283,17.4,2350,1.2,2249,1.1,148,0.1,6680,3.4,196870,196870,26781,13.6,17283,8.8,2782,1.4,658,0.3,6058,3.1,170089,86.4,133478,67.8,30421,15.5,899,0.5,1242,0.6,69,0,205,0.1,3775,1.9,66,0,3709,1.9,75438,(X),135660,135660,65532,48.3,70128,51.7
37103,"Jones County, North Carolina",9594,9594,4750,49.5,4844,50.5,98.1,(X),419,4.4,451,4.7,594,6.2,560,5.8,330,3.4,1152,12,966,10.1,1310,13.7,827,8.6,794,8.3,1306,13.6,687,7.2,198,2.1,48.5,(X),1813,18.9,8033,83.7,7781,81.1,7535,78.5,2617,27.3,2191,22.8,7781,7781,3670,47.2,4111,52.8,89.3,(X),2191,2191,959,43.8,1232,56.2,77.8,(X),9594,9594,9427,98.3,167,1.7,9427,98.3,6303,65.7,2923,30.5,96,1,27,0.3,0,0,0,0,0,0,8,0.1,0,0,0,0,8,0.1,0,0,0,0,0,0,0,0,0,0,0,0,0,0,0,0,0,0,97,1,167,1.7,88,0.9,17,0.2,0,0,4,0,9594,9594,6438,67.1,3059,31.9,145,1.5,22,0.2,14,0.1,125,1.3,9594,9594,443,4.6,202,2.1,130,1.4,25,0.3,86,0.9,9151,95.4,6003,62.6,2913,30.4,88,0.9,8,0.1,0,0,0,0,139,1.4,0,0,139,1.4,4985,(X),7660,7660,3608,47.1,4052,52.9
37105,"Lee County, North Carolina",60481,60481,29309,48.5,31172,51.5,94,(X),3900,6.4,3915,6.5,4427,7.3,4023,6.7,3484,5.8,7643,12.6,7496,12.4,7995,13.2,4056,6.7,3797,6.3,5717,9.5,2955,4.9,1073,1.8,38.6,(X),14751,24.4,47170,78,45730,75.6,43574,72,11984,19.8,9745,16.1,45730,45730,21850,47.8,23880,52.2,91.5,(X),9745,9745,4214,43.2,5531,56.8,76.2,(X),60481,60481,59535,98.4,946,1.6,59535,98.4,44592,73.7,12273,20.3,498,0.8,24,0,0,0,0,0,0,0,807,1.3,30,0,40,0.1,201,0.3,62,0.1,73,0.1,378,0.6,23,0,31,0.1,0,0,0,0,0,0,31,0.1,1334,2.2,946,1.6,572,0.9,60,0.1,65,0.1,1,0,60481,60481,45399,75.1,12892,21.3,592,1,929,1.5,128,0.2,1515,2.5,60481,60481,11584,19.2,7352,12.2,1100,1.8,36,0.1,3096,5.1,48897,80.8,35156,58.1,11792,19.5,442,0.7,726,1.2,31,0.1,61,0.1,689,1.1,18,0,671,1.1,24509,(X),42166,42166,19788,46.9,22378,53.1
37107,"Lenoir County, North Carolina",56756,56756,27219,48,29537,52,92.2,(X),3245,5.7,3841,6.8,3500,6.2,3373,5.9,3183,5.6,6560,11.6,6052,10.7,7431,13.1,4298,7.6,4189,7.4,6330,11.2,3352,5.9,1402,2.5,42.7,(X),12781,22.5,45461,80.1,43975,77.5,42130,74.2,13511,23.8,11084,19.5,43975,43975,20641,46.9,23334,53.1,88.5,(X),11084,11084,4636,41.8,6448,58.2,71.9,(X),56756,56756,54605,96.2,2151,3.8,54605,96.2,31205,55,22205,39.1,119,0.2,25,0,0,0,0,0,0,0,279,0.5,13,0,32,0.1,34,0.1,0,0,160,0.3,0,0,40,0.1,26,0,12,0,0,0,0,0,14,0,771,1.4,2151,3.8,822,1.4,188,0.3,185,0.3,797,1.4,56756,56756,32483,57.2,23951,42.2,1162,2,521,0.9,58,0.1,806,1.4,56756,56756,4414,7.8,3557,6.3,273,0.5,23,0,561,1,52342,92.2,27933,49.2,21943,38.7,106,0.2,279,0.5,14,0,19,0,2048,3.6,0,0,2048,3.6,27607,(X),42325,42325,19585,46.3,22740,53.7
37109,"Lincoln County, North Carolina",82919,82919,41244,49.7,41675,50.3,99,(X),4285,5.2,4953,6,5249,6.3,5068,6.1,4327,5.2,8860,10.7,10619,12.8,12969,15.6,6952,8.4,5536,6.7,8780,10.6,3911,4.7,1410,1.7,43.3,(X),17764,21.4,67497,81.4,65155,78.6,62739,75.7,17299,20.9,14101,17,65155,65155,31941,49,33214,51,96.2,(X),14101,14101,6441,45.7,7660,54.3,84.1,(X),82919,82919,81113,97.8,1806,2.2,81113,97.8,74133,89.4,4125,5,201,0.2,28,0,0,0,0,0,0,0,593,0.7,62,0.1,61,0.1,111,0.1,24,0,68,0.1,95,0.1,172,0.2,42,0.1,25,0,9,0,0,0,8,0,2019,2.4,1806,2.2,908,1.1,377,0.5,166,0.2,48,0.1,82919,82919,75844,91.5,5119,6.2,626,0.8,777,0.9,71,0.1,2291,2.8,82919,82919,6014,7.3,3213,3.9,201,0.2,244,0.3,2356,2.8,76905,92.7,70326,84.8,4099,4.9,160,0.2,593,0.7,42,0.1,196,0.2,1489,1.8,14,0,1475,1.8,35916,(X),63439,63439,31117,49.1,32322,50.9
37111,"McDowell County, North Carolina",45227,45227,22752,50.3,22475,49.7,101.2,(X),2045,4.5,3101,6.9,2592,5.7,2339,5.2,2293,5.1,5282,11.7,5550,12.3,6269,13.9,3598,8,3167,7,5298,11.7,2868,6.3,825,1.8,43.9,(X),9258,20.5,37089,82,35969,79.5,34546,76.4,10997,24.3,8991,19.9,35969,35969,17641,49,18328,51,96.3,(X),8991,8991,4097,45.6,4894,54.4,83.7,(X),45227,45227,44611,98.6,616,1.4,44611,98.6,41437,91.6,1628,3.6,155,0.3,47,0.1,18,0,0,0,0,0,415,0.9,156,0.3,15,0,13,0,71,0.2,0,0,0,0,160,0.4,0,0,0,0,0,0,0,0,0,0,976,2.2,616,1.4,312,0.7,208,0.5,56,0.1,0,0,45227,45227,42044,93,1972,4.4,386,0.9,471,1,0,0,993,2.2,45227,45227,2766,6.1,2413,5.3,113,0.2,69,0.2,171,0.4,42461,93.9,39518,87.4,1616,3.6,155,0.3,415,0.9,0,0,141,0.3,616,1.4,17,0,599,1.3,21403,(X),34850,34850,17064,49,17786,51
37113,"Macon County, North Carolina",34813,34813,16864,48.4,17949,51.6,94,(X),1684,4.8,1468,4.2,2062,5.9,1812,5.2,1552,4.5,3592,10.3,3254,9.3,4182,12,2632,7.6,2706,7.8,5653,16.2,3075,8.8,1141,3.3,50.1,(X),6394,18.4,29129,83.7,28419,81.6,27506,79,11420,32.8,9869,28.3,28419,28419,13496,47.5,14923,52.5,90.4,(X),9869,9869,4365,44.2,5504,55.8,79.3,(X),34813,34813,34593,99.4,220,0.6,34593,99.4,32536,93.5,580,1.7,240,0.7,88,0.3,0,0,0,0,0,0,302,0.9,98,0.3,127,0.4,0,0,33,0.1,12,0,32,0.1,0,0,0,0,0,0,0,0,0,0,0,0,935,2.7,220,0.6,41,0.1,90,0.3,40,0.1,23,0.1,34813,34813,32719,94,644,1.8,353,1,356,1,0,0,961,2.8,34813,34813,2440,7,2012,5.8,129,0.4,41,0.1,258,0.7,32373,93,30998,89,541,1.6,240,0.7,302,0.9,0,0,91,0.3,201,0.6,14,0,187,0.5,25608,(X),27265,27265,12812,47,14453,53
37115,"Madison County, North Carolina",21499,21499,10526,49,10973,51,95.9,(X),1002,4.7,1074,5,1006,4.7,1664,7.7,1428,6.6,2252,10.5,2483,11.5,2740,12.7,1520,7.1,1647,7.7,2775,12.9,1492,6.9,416,1.9,44,(X),3924,18.3,18002,83.7,17575,81.7,16344,76,5763,26.8,4683,21.8,17575,17575,8521,48.5,9054,51.5,94.1,(X),4683,4683,2120,45.3,2563,54.7,82.7,(X),21499,21499,21163,98.4,336,1.6,21163,98.4,20504,95.4,349,1.6,85,0.4,49,0.2,0,0,0,0,0,0,125,0.6,1,0,27,0.1,19,0.1,0,0,0,0,62,0.3,16,0.1,0,0,0,0,0,0,0,0,0,0,100,0.5,336,1.6,53,0.2,169,0.8,8,0,9,0,21499,21499,20734,96.4,411,1.9,358,1.7,135,0.6,0,0,197,0.9,21499,21499,523,2.4,293,1.4,18,0.1,97,0.5,115,0.5,20976,97.6,20218,94,335,1.6,57,0.3,125,0.6,0,0,0,0,241,1.1,2,0,239,1.1,10972,(X),17338,17338,8344,48.1,8994,51.9
37117,"Martin County, North Carolina",22849,22849,10777,47.2,12072,52.8,89.3,(X),1252,5.5,1087,4.8,1536,6.7,1308,5.7,1171,5.1,2428,10.6,2317,10.1,2983,13.1,1991,8.7,1679,7.3,3026,13.2,1505,6.6,566,2.5,46.3,(X),4688,20.5,18785,82.2,18161,79.5,17488,76.5,6067,26.6,5097,22.3,18161,18161,8358,46,9803,54,85.3,(X),5097,5097,2162,42.4,2935,57.6,73.7,(X),22849,22849,22592,98.9,257,1.1,22592,98.9,12460,54.5,9625,42.1,54,0.2,10,0,0,0,0,0,0,0,139,0.6,0,0,23,0.1,41,0.2,0,0,75,0.3,0,0,0,0,77,0.3,0,0,0,0,77,0.3,0,0,237,1,257,1.1,145,0.6,5,0,5,0,44,0.2,22849,22849,12640,55.3,9825,43,135,0.6,150,0.7,104,0.5,257,1.1,22849,22849,911,4,600,2.6,45,0.2,75,0.3,191,0.8,21938,96,11895,52.1,9605,42,54,0.2,139,0.6,0,0,0,0,245,1.1,14,0.1,231,1,11584,(X),17877,17877,8240,46.1,9637,53.9
37119,"Mecklenburg County, North Carolina",1074475,1074475,516517,48.1,557958,51.9,92.6,(X),72224,6.7,71671,6.7,70714,6.6,68439,6.4,70505,6.6,182040,16.9,158761,14.8,145460,13.5,63311,5.9,54058,5,72212,6.7,32339,3,12741,1.2,35.1,(X),256258,23.8,845765,78.7,818217,76.2,780018,72.6,147810,13.8,117292,10.9,818217,818217,386687,47.3,431530,52.7,89.6,(X),117292,117292,49109,41.9,68183,58.1,72,(X),1074475,1074475,1044616,97.2,29859,2.8,1044616,97.2,577943,53.8,339021,31.6,4166,0.4,745,0.1,35,0,47,0,29,0,62922,5.9,26518,2.5,7367,0.7,1942,0.2,764,0.1,2690,0.3,9821,0.9,13820,1.3,554,0.1,81,0,149,0,28,0,296,0,60010,5.6,29859,2.8,11435,1.1,3020,0.3,5825,0.5,2188,0.2,1074475,1074475,602565,56.1,357392,33.3,11716,1.1,71452,6.6,1631,0.2,62840,5.8,1074475,1074475,142472,13.3,53947,5,12629,1.2,5093,0.5,70803,6.6,932003,86.7,503210,46.8,333294,31,2828,0.3,62551,5.8,514,0,3594,0.3,26012,2.4,894,0.1,25118,2.3,445287,(X),724170,724170,336918,46.5,387252,53.5
37121,"Mitchell County, North Carolina",15004,15004,7476,49.8,7528,50.2,99.3,(X),706,4.7,668,4.5,884,5.9,870,5.8,774,5.2,1672,11.1,1543,10.3,1948,13,1166,7.8,1115,7.4,2067,13.8,1108,7.4,483,3.2,47,(X),2810,18.7,12595,83.9,12194,81.3,11631,77.5,4264,28.4,3658,24.4,12194,12194,5966,48.9,6228,51.1,95.8,(X),3658,3658,1692,46.3,1966,53.7,86.1,(X),15004,15004,14641,97.6,363,2.4,14641,97.6,14474,96.5,57,0.4,21,0.1,5,0,0,0,0,0,0,0,27,0.2,8,0.1,10,0.1,0,0,9,0.1,0,0,0,0,0,0,0,0,0,0,0,0,0,0,0,0,62,0.4,363,2.4,166,1.1,7,0,90,0.6,0,0,15004,15004,14807,98.7,237,1.6,28,0.2,181,1.2,50,0.3,98,0.7,15004,15004,837,5.6,702,4.7,9,0.1,32,0.2,94,0.6,14167,94.4,13803,92,51,0.3,21,0.1,27,0.2,0,0,0,0,265,1.8,0,0,265,1.8,8831,(X),11770,11770,5761,48.9,6009,51.1
37123,"Montgomery County, North Carolina",27252,27252,13345,49,13907,51,96,(X),1672,6.1,1420,5.2,1845,6.8,1733,6.4,1614,5.9,2998,11,2860,10.5,3772,13.8,2018,7.4,1944,7.1,3282,12,1558,5.7,536,2,43.6,(X),6102,22.4,21880,80.3,21150,77.6,20262,74.4,6379,23.4,5376,19.7,21150,21150,10297,48.7,10853,51.3,94.9,(X),5376,5376,2472,46,2904,54,85.1,(X),27252,27252,26611,97.6,641,2.4,26611,97.6,20612,75.6,4794,17.6,82,0.3,35,0.1,0,0,0,0,0,0,393,1.4,12,0,22,0.1,18,0.1,0,0,19,0.1,0,0,322,1.2,0,0,0,0,0,0,0,0,0,0,730,2.7,641,2.4,314,1.2,65,0.2,38,0.1,58,0.2,27252,27252,21108,77.5,5332,19.6,211,0.8,586,2.2,5,0,730,2.7,27252,27252,4184,15.4,3451,12.7,268,1,31,0.1,434,1.6,23068,84.6,17241,63.3,4793,17.6,82,0.3,393,1.4,0,0,0,0,559,2.1,0,0,559,2.1,16258,(X),19543,19543,9451,48.4,10092,51.6
37125,"Moore County, North Carolina",97294,97294,46871,48.2,50423,51.8,93,(X),5650,5.8,6100,6.3,5522,5.7,5438,5.6,4461,4.6,10928,11.2,11214,11.5,11757,12.1,6284,6.5,6762,7,12327,12.7,7801,8,3050,3.1,44.3,(X),20767,21.3,78722,80.9,76527,78.7,73443,75.5,27271,28,23178,23.8,76527,76527,36254,47.4,40273,52.6,90,(X),23178,23178,10297,44.4,12881,55.6,79.9,(X),97294,97294,95549,98.2,1745,1.8,95549,98.2,79973,82.2,12052,12.4,826,0.8,47,0,5,0,15,0,0,0,1239,1.3,164,0.2,207,0.2,109,0.1,80,0.1,53,0.1,316,0.3,310,0.3,68,0.1,24,0,34,0,0,0,10,0,1391,1.4,1745,1.8,572,0.6,323,0.3,512,0.5,10,0,97294,97294,81674,83.9,12842,13.2,1307,1.3,1785,1.8,73,0.1,1585,1.6,97294,97294,6544,6.7,4475,4.6,855,0.9,170,0.2,1044,1.1,90750,93.3,74994,77.1,11970,12.3,795,0.8,1239,1.3,68,0.1,94,0.1,1590,1.6,41,0,1549,1.6,47273,(X),74326,74326,34906,47,39420,53
37127,"Nash County, North Carolina",94030,94030,45074,47.9,48956,52.1,92.1,(X),5241,5.6,5840,6.2,5911,6.3,6121,6.5,6116,6.5,10734,11.4,10762,11.4,13067,13.9,6798,7.2,6713,7.1,10165,10.8,4808,5.1,1754,1.9,41.7,(X),20882,22.2,75767,80.6,73148,77.8,69889,74.3,20445,21.7,16727,17.8,73148,73148,34427,47.1,38721,52.9,88.9,(X),16727,16727,7171,42.9,9556,57.1,75,(X),94030,94030,91256,97,2774,3,91256,97,48968,52.1,36961,39.3,609,0.6,17,0,0,0,0,0,20,0,820,0.9,187,0.2,89,0.1,151,0.2,50,0.1,69,0.1,53,0.1,221,0.2,54,0.1,36,0,0,0,18,0,0,0,3844,4.1,2774,3,1320,1.4,254,0.3,97,0.1,371,0.4,94030,94030,50903,54.1,39161,41.6,1419,1.5,990,1.1,199,0.2,4261,4.5,94030,94030,6569,7,5005,5.3,621,0.7,34,0,909,1,87461,93,46906,49.9,36866,39.2,570,0.6,772,0.8,29,0,110,0.1,2208,2.3,37,0,2171,2.3,43045,(X),70999,70999,33232,46.8,37767,53.2
37129,"New Hanover County, North Carolina",227938,227938,108794,47.7,119144,52.3,91.3,(X),11266,4.9,11691,5.1,12429,5.5,15033,6.6,21596,9.5,30224,13.3,28707,12.6,28339,12.4,15043,6.6,14350,6.3,23710,10.4,11186,4.9,4364,1.9,39.1,(X),42675,18.7,190027,83.4,185263,81.3,173130,76,47607,20.9,39260,17.2,185263,185263,86976,46.9,98287,53.1,88.5,(X),39260,39260,17027,43.4,22233,56.6,76.6,(X),227938,227938,222846,97.8,5092,2.2,222846,97.8,184851,81.1,31337,13.7,577,0.3,124,0.1,27,0,0,0,0,0,3012,1.3,709,0.3,898,0.4,389,0.2,74,0,325,0.1,255,0.1,362,0.2,199,0.1,188,0.1,11,0,0,0,0,0,2870,1.3,5092,2.2,1435,0.6,1101,0.5,1280,0.6,312,0.1,227938,227938,189198,83,33555,14.7,2244,1,4765,2.1,450,0.2,3195,1.4,227938,227938,12657,5.6,5114,2.2,1455,0.6,632,0.3,5456,2.4,215281,94.4,175756,77.1,30666,13.5,508,0.2,2972,1.3,199,0.1,378,0.2,4802,2.1,126,0.1,4676,2.1,111031,(X),180146,180146,84556,46.9,95590,53.1
37131,"Northampton County, North Carolina",19946,19946,9699,48.6,10247,51.4,94.7,(X),863,4.3,988,5,1068,5.4,1078,5.4,956,4.8,2075,10.4,1931,9.7,2540,12.7,1589,8,1858,9.3,2823,14.2,1647,8.3,530,2.7,49.6,(X),3537,17.7,16780,84.1,16409,82.3,15762,79,6051,30.3,5000,25.1,16409,16409,7847,47.8,8562,52.2,91.6,(X),5000,5000,2157,43.1,2843,56.9,75.9,(X),19946,19946,19473,97.6,473,2.4,19473,97.6,7900,39.6,11246,56.4,149,0.7,68,0.3,0,0,0,0,13,0.1,56,0.3,0,0,0,0,22,0.1,3,0,3,0,28,0.1,0,0,0,0,0,0,0,0,0,0,0,0,122,0.6,473,2.4,105,0.5,90,0.5,4,0,100,0.5,19946,19946,8245,41.3,11566,58,422,2.1,84,0.4,0,0,213,1.1,19946,19946,453,2.3,335,1.7,62,0.3,0,0,56,0.3,19493,97.7,7726,38.7,11233,56.3,59,0.3,56,0.3,0,0,0,0,419,2.1,28,0.1,391,2,11666,(X),16199,16199,7741,47.8,8458,52.2
37133,"Onslow County, North Carolina",195069,195069,107985,55.4,87084,44.6,124,(X),17372,8.9,12873,6.6,11433,5.9,14301,7.3,34412,17.6,36033,18.5,19992,10.2,15799,8.1,8121,4.2,7278,3.7,10296,5.3,5551,2.8,1608,0.8,26.4,(X),47630,24.4,151325,77.6,147439,75.6,131531,67.4,21542,11,17455,8.9,147439,147439,83754,56.8,63685,43.2,131.5,(X),17455,17455,7749,44.4,9706,55.6,79.8,(X),195069,195069,181462,93,13607,7,181462,93,145758,74.7,27291,14,1070,0.5,196,0.1,35,0,94,0,28,0,4210,2.2,119,0.1,402,0.2,1579,0.8,581,0.3,355,0.2,847,0.4,327,0.2,283,0.1,121,0.1,149,0.1,13,0,0,0,2850,1.5,13607,7,5595,2.9,1514,0.8,1629,0.8,563,0.3,195069,195069,157577,80.8,35346,18.1,4063,2.1,7343,3.8,1434,0.7,4676,2.4,195069,195069,24543,12.6,11061,5.7,5768,3,1303,0.7,6411,3.3,170526,87.4,129013,66.1,25914,13.3,689,0.4,4075,2.1,257,0.1,237,0.1,10341,5.3,148,0.1,10193,5.2,79281,(X),144804,144804,82540,57,62264,43
37135,"Orange County, North Carolina",144836,144836,69204,47.8,75632,52.2,91.5,(X),6604,4.6,8055,5.6,8614,5.9,13943,9.6,17594,12.1,17957,12.4,16674,11.5,18481,12.8,8612,5.9,8899,6.1,12411,8.6,5053,3.5,1939,1.3,34.8,(X),28517,19.7,119973,82.8,116319,80.3,103105,71.2,24684,17,19403,13.4,116319,116319,54454,46.8,61865,53.2,88,(X),19403,19403,8616,44.4,10787,55.6,79.9,(X),144836,144836,140940,97.3,3896,2.7,140940,97.3,109195,75.4,16562,11.4,820,0.6,228,0.2,0,0,0,0,0,0,11363,7.8,1962,1.4,4995,3.4,485,0.3,378,0.3,1126,0.8,328,0.2,2089,1.4,9,0,0,0,1,0,8,0,0,0,2991,2.1,3896,2.7,1306,0.9,316,0.2,1310,0.9,224,0.2,144836,144836,112538,77.7,18464,12.7,1524,1.1,13000,9,69,0,3380,2.3,144836,144836,12236,8.4,6618,4.6,1053,0.7,418,0.3,4147,2.9,132600,91.6,100490,69.4,16186,11.2,723,0.5,11223,7.7,9,0,374,0.3,3595,2.5,216,0.1,3379,2.3,58256,(X),106915,106915,49574,46.4,57341,53.6
37137,"Pamlico County, North Carolina",12701,12701,6464,50.9,6237,49.1,103.6,(X),413,3.3,488,3.8,605,4.8,572,4.5,678,5.3,1239,9.8,1337,10.5,1431,11.3,944,7.4,1294,10.2,2215,17.4,1064,8.4,421,3.3,52.4,(X),1929,15.2,11073,87.2,10772,84.8,10474,82.5,4458,35.1,3700,29.1,10772,10772,5472,50.8,5300,49.2,103.2,(X),3700,3700,1783,48.2,1917,51.8,93,(X),12701,12701,12283,96.7,418,3.3,12283,96.7,9664,76.1,2341,18.4,30,0.2,2,0,0,0,0,0,0,0,77,0.6,0,0,26,0.2,34,0.3,16,0.1,0,0,0,0,1,0,3,0,0,0,0,0,0,0,3,0,168,1.3,418,3.3,222,1.7,70,0.6,13,0.1,9,0.1,12701,12701,10020,78.9,2573,20.3,133,1,166,1.3,6,0,245,1.9,12701,12701,493,3.9,429,3.4,48,0.4,0,0,16,0.1,12208,96.1,9426,74.2,2319,18.3,23,0.2,77,0.6,0,0,22,0.2,341,2.7,0,0,341,2.7,7734,(X),10585,10585,5355,50.6,5230,49.4
37139,"Pasquotank County, North Carolina",39514,39514,19268,48.8,20246,51.2,95.2,(X),2614,6.6,2498,6.3,2365,6,2534,6.4,2579,6.5,5501,13.9,4556,11.5,4923,12.5,2911,7.4,2515,6.4,3922,9.9,1735,4.4,861,2.2,38.6,(X),8811,22.3,31468,79.6,30703,77.7,28741,72.7,8033,20.3,6518,16.5,30703,30703,14764,48.1,15939,51.9,92.6,(X),6518,6518,2801,43,3717,57,75.4,(X),39514,39514,38253,96.8,1261,3.2,38253,96.8,23087,58.4,14449,36.6,27,0.1,0,0,8,0,0,0,0,0,485,1.2,141,0.4,70,0.2,103,0.3,0,0,65,0.2,68,0.2,38,0.1,0,0,0,0,0,0,0,0,0,0,205,0.5,1261,3.2,545,1.4,107,0.3,279,0.7,24,0.1,39514,39514,24203,61.3,15282,38.7,257,0.7,823,2.1,82,0.2,370,0.9,39514,39514,2123,5.4,1266,3.2,571,1.4,39,0.1,247,0.6,37391,94.6,21636,54.8,14389,36.4,27,0.1,465,1.2,0,0,13,0,861,2.2,11,0,850,2.2,17157,(X),30064,30064,14386,47.9,15678,52.1
37141,"Pender County, North Carolina",60399,60399,29972,49.6,30427,50.4,98.5,(X),3398,5.6,3647,6,4022,6.7,3691,6.1,3069,5.1,6646,11,7674,12.7,8624,14.3,4548,7.5,4368,7.2,6645,11,3011,5,1056,1.7,42.7,(X),13474,22.3,48717,80.7,46925,77.7,45061,74.6,13317,22,10712,17.7,46925,46925,23135,49.3,23790,50.7,97.2,(X),10712,10712,4925,46,5787,54,85.1,(X),60399,60399,58717,97.2,1682,2.8,58717,97.2,46947,77.7,8612,14.3,273,0.5,37,0.1,0,0,0,0,0,0,263,0.4,12,0,134,0.2,55,0.1,13,0,40,0.1,9,0,0,0,60,0.1,0,0,9,0,18,0,33,0.1,2562,4.2,1682,2.8,508,0.8,397,0.7,181,0.3,420,0.7,60399,60399,48199,79.8,9654,16,1189,2,505,0.8,98,0.2,2588,4.3,60399,60399,4263,7.1,2725,4.5,262,0.4,262,0.4,1014,1.7,56136,92.9,45342,75.1,8612,14.3,196,0.3,244,0.4,51,0.1,63,0.1,1628,2.7,0,0,1628,2.7,29030,(X),45485,45485,22291,49,23194,51
37143,"Perquimans County, North Carolina",13430,13430,6533,48.6,6897,51.4,94.7,(X),599,4.5,696,5.2,825,6.1,756,5.6,462,3.4,1306,9.7,1268,9.4,1701,12.7,926,6.9,1254,9.3,2163,16.1,1138,8.5,336,2.5,49.8,(X),2538,18.9,11150,83,10892,81.1,10413,77.5,4305,32.1,3637,27.1,10892,10892,5219,47.9,5673,52.1,92,(X),3637,3637,1673,46,1964,54,85.2,(X),13430,13430,13294,99,136,1,13294,99,9904,73.7,3217,24,42,0.3,0,0,0,0,0,0,0,0,48,0.4,0,0,0,0,8,0.1,0,0,0,0,0,0,40,0.3,14,0.1,0,0,14,0.1,0,0,0,0,69,0.5,136,1,54,0.4,60,0.4,0,0,0,0,13430,13430,10040,74.8,3271,24.4,102,0.8,48,0.4,31,0.2,74,0.6,13430,13430,349,2.6,41,0.3,187,1.4,6,0,115,0.9,13081,97.4,9709,72.3,3107,23.1,42,0.3,48,0.4,14,0.1,30,0.2,131,1,0,0,131,1,7155,(X),10769,10769,5164,48,5605,52
37145,"Person County, North Carolina",39345,39345,19087,48.5,20258,51.5,94.2,(X),2201,5.6,2200,5.6,2406,6.1,2645,6.7,1813,4.6,4236,10.8,4806,12.2,5424,13.8,2895,7.4,3262,8.3,4480,11.4,2212,5.6,765,1.9,43.7,(X),8335,21.2,32117,81.6,31010,78.8,29634,75.3,9271,23.6,7457,19,31010,31010,14805,47.7,16205,52.3,91.4,(X),7457,7457,3235,43.4,4222,56.6,76.6,(X),39345,39345,38224,97.2,1121,2.8,38224,97.2,26592,67.6,10329,26.3,270,0.7,117,0.3,0,0,0,0,0,0,152,0.4,80,0.2,22,0.1,16,0,0,0,0,0,0,0,34,0.1,21,0.1,3,0,0,0,0,0,18,0,860,2.2,1121,2.8,464,1.2,205,0.5,102,0.3,117,0.3,39345,39345,27568,70.1,10945,27.8,626,1.6,281,0.7,64,0.2,1016,2.6,39345,39345,1691,4.3,1110,2.8,221,0.6,0,0,360,0.9,37654,95.7,26124,66.4,10252,26.1,156,0.4,129,0.3,21,0.1,71,0.2,901,2.3,1,0,900,2.3,18503,(X),30206,30206,14353,47.5,15853,52.5
37147,"Pitt County, North Carolina",178433,178433,83978,47.1,94455,52.9,88.9,(X),10377,5.8,10662,6,10981,6.2,14908,8.4,23058,12.9,24549,13.8,21007,11.8,20058,11.2,9973,5.6,10001,5.6,13697,7.7,7160,4,2002,1.1,32.5,(X),38413,21.5,144334,80.9,140020,78.5,126474,70.9,28371,15.9,22859,12.8,140020,140020,64213,45.9,75807,54.1,84.7,(X),22859,22859,9695,42.4,13164,57.6,73.6,(X),178433,178433,173767,97.4,4666,2.6,173767,97.4,102087,57.2,61924,34.7,591,0.3,44,0,0,0,29,0,0,0,3116,1.7,468,0.3,1037,0.6,472,0.3,131,0.1,329,0.2,341,0.2,338,0.2,102,0.1,87,0,0,0,0,0,15,0,5947,3.3,4666,2.6,2383,1.3,347,0.2,1123,0.6,260,0.1,178433,178433,106160,59.5,64975,36.4,1297,0.7,4464,2.5,163,0.1,6149,3.4,178433,178433,11168,6.3,6706,3.8,1678,0.9,400,0.2,2384,1.3,167265,93.7,97088,54.4,61407,34.4,482,0.3,3106,1.7,102,0.1,535,0.3,4545,2.5,134,0.1,4411,2.5,79384,(X),135239,135239,61681,45.6,73558,54.4
37149,"Polk County, North Carolina",20557,20557,9719,47.3,10838,52.7,89.7,(X),681,3.3,973,4.7,1021,5,1079,5.2,914,4.4,1745,8.5,1859,9,2594,12.6,1619,7.9,1869,9.1,3291,16,2082,10.1,830,4,52.7,(X),3374,16.4,17595,85.6,17183,83.6,16657,81,7520,36.6,6203,30.2,17183,17183,8076,47,9107,53,88.7,(X),6203,6203,2761,44.5,3442,55.5,80.2,(X),20557,20557,20384,99.2,173,0.8,20384,99.2,18556,90.3,1005,4.9,64,0.3,0,0,0,0,0,0,0,0,136,0.7,0,0,11,0.1,7,0,0,0,104,0.5,14,0.1,0,0,6,0,0,0,6,0,0,0,0,0,617,3,173,0.8,21,0.1,134,0.7,16,0.1,0,0,20557,20557,18729,91.1,1028,5,198,1,154,0.7,6,0,617,3,20557,20557,1204,5.9,805,3.9,98,0.5,163,0.8,138,0.7,19353,94.1,17608,85.7,995,4.8,64,0.3,136,0.7,0,0,433,2.1,117,0.6,0,0,117,0.6,11719,(X),16757,16757,7876,47,8881,53
37151,"Randolph County, North Carolina",143118,143118,70546,49.3,72572,50.7,97.2,(X),8054,5.6,8851,6.2,9565,6.7,9485,6.6,8055,5.6,16662,11.6,16966,11.9,20826,14.6,10989,7.7,8823,6.2,14785,10.3,7524,5.3,2533,1.8,41.7,(X),32691,22.8,114673,80.1,110427,77.2,105294,73.6,30227,21.1,24842,17.4,110427,110427,53846,48.8,56581,51.2,95.2,(X),24842,24842,11151,44.9,13691,55.1,81.4,(X),143118,143118,140006,97.8,3112,2.2,140006,97.8,119970,83.8,8619,6,671,0.5,223,0.2,27,0,0,0,0,0,1737,1.2,219,0.2,172,0.1,95,0.1,0,0,82,0.1,389,0.3,780,0.5,107,0.1,10,0,83,0.1,0,0,14,0,8902,6.2,3112,2.2,1357,0.9,781,0.5,257,0.2,114,0.1,143118,143118,122770,85.8,10530,7.4,1834,1.3,2105,1.5,111,0.1,9358,6.5,143118,143118,16361,11.4,12688,8.9,838,0.6,286,0.2,2549,1.8,126757,88.6,113095,79,8157,5.7,556,0.4,1735,1.2,14,0,458,0.3,2742,1.9,42,0,2700,1.9,62411,(X),104208,104208,50476,48.4,53732,51.6
37153,"Richmond County, North Carolina",44997,44997,22048,49,22949,51,96.1,(X),2709,6,2669,5.9,3062,6.8,2725,6.1,3249,7.2,5268,11.7,5379,12,5968,13.3,3057,6.8,3064,6.8,4630,10.3,2548,5.7,669,1.5,40.5,(X),10257,22.8,35986,80,34740,77.2,32931,73.2,9709,21.6,7847,17.4,34740,34740,16782,48.3,17958,51.7,93.5,(X),7847,7847,3408,43.4,4439,56.6,76.8,(X),44997,44997,44138,98.1,859,1.9,44138,98.1,27785,61.7,14344,31.9,1075,2.4,44,0.1,0,0,0,0,0,0,436,1,0,0,3,0,0,0,0,0,0,0,181,0.4,252,0.6,24,0.1,0,0,24,0.1,0,0,0,0,474,1.1,859,1.9,122,0.3,332,0.7,36,0.1,54,0.1,44997,44997,28539,63.4,14672,32.6,1575,3.5,502,1.1,37,0.1,645,1.4,44997,44997,2914,6.5,2152,4.8,221,0.5,49,0.1,492,1.1,42083,93.5,25675,57.1,14306,31.8,1075,2.4,424,0.9,0,0,0,0,603,1.3,0,0,603,1.3,21585,(X),33719,33719,16131,47.8,17588,52.2
37155,"Robeson County, North Carolina",132596,132596,63995,48.3,68601,51.7,93.3,(X),8947,6.7,9497,7.2,9314,7,10039,7.6,9250,7,16789,12.7,15886,12,16615,12.5,8379,6.3,8368,6.3,12161,9.2,5418,4.1,1933,1.5,36.6,(X),33405,25.2,103205,77.8,99191,74.8,92474,69.7,24429,18.4,19512,14.7,99191,99191,46965,47.3,52226,52.7,89.9,(X),19512,19512,8425,43.2,11087,56.8,76,(X),132596,132596,129827,97.9,2769,2.1,129827,97.9,37096,28,31585,23.8,52863,39.9,692,0.5,10,0,20,0,131,0.1,798,0.6,192,0.1,142,0.1,19,0,8,0,47,0,263,0.2,127,0.1,34,0,0,0,12,0,0,0,22,0,7451,5.6,2769,2.1,337,0.3,1294,1,148,0.1,331,0.2,132596,132596,39189,29.6,32529,24.5,54879,41.4,1043,0.8,134,0.1,7815,5.9,132596,132596,11774,8.9,9240,7,928,0.7,34,0,1572,1.2,120822,91.1,33332,25.1,31370,23.7,52500,39.6,784,0.6,34,0,369,0.3,2433,1.8,95,0.1,2338,1.8,53210,(X),95311,95311,44732,46.9,50579,53.1
37157,"Rockingham County, North Carolina",91077,91077,43801,48.1,47276,51.9,92.6,(X),4734,5.2,5290,5.8,5203,5.7,5315,5.8,5064,5.6,9787,10.7,10533,11.6,12894,14.2,6969,7.7,7175,7.9,10492,11.5,5523,6.1,2098,2.3,44.7,(X),18656,20.5,74724,82,72421,79.5,69500,76.3,22546,24.8,18113,19.9,72421,72421,34376,47.5,38045,52.5,90.4,(X),18113,18113,7904,43.6,10209,56.4,77.4,(X),91077,91077,88905,97.6,2172,2.4,88905,97.6,68702,75.4,16739,18.4,427,0.5,9,0,0,0,0,0,0,0,535,0.6,0,0,86,0.1,145,0.2,0,0,13,0,154,0.2,137,0.2,22,0,15,0,7,0,0,0,0,0,2480,2.7,2172,2.4,1284,1.4,406,0.4,150,0.2,98,0.1,91077,91077,70745,77.7,18255,20,1059,1.2,730,0.8,70,0.1,2529,2.8,91077,91077,5560,6.1,4146,4.6,390,0.4,127,0.1,897,1,85517,93.9,65897,72.4,16592,18.2,296,0.3,503,0.6,22,0,183,0.2,2024,2.2,0,0,2024,2.2,44113,(X),70526,70526,33358,47.3,37168,52.7
37159,"Rowan County, North Carolina",140296,140296,69468,49.5,70828,50.5,98.1,(X),7936,5.7,8571,6.1,9259,6.6,9326,6.6,8515,6.1,17239,12.3,16504,11.8,19427,13.8,10655,7.6,8742,6.2,14105,10.1,7325,5.2,2692,1.9,40.2,(X),31440,22.4,112730,80.4,108856,77.6,103473,73.8,29324,20.9,24122,17.2,108856,108856,53229,48.9,55627,51.1,95.7,(X),24122,24122,10777,44.7,13345,55.3,80.8,(X),140296,140296,136898,97.6,3398,2.4,136898,97.6,107590,76.7,22677,16.2,523,0.4,32,0,0,0,23,0,0,0,1228,0.9,306,0.2,252,0.2,141,0.1,83,0.1,48,0,161,0.1,237,0.2,31,0,12,0,7,0,12,0,0,0,4849,3.5,3398,2.4,1272,0.9,556,0.4,482,0.3,607,0.4,140296,140296,110307,78.6,24726,17.6,1829,1.3,1775,1.3,61,0,5179,3.7,140296,140296,12381,8.8,8343,5.9,724,0.5,204,0.1,3110,2.2,127915,91.2,101067,72,22033,15.7,402,0.3,1216,0.9,19,0,208,0.1,2970,2.1,102,0.1,2868,2,61642,(X),104365,104365,50676,48.6,53689,51.4
37161,"Rutherford County, North Carolina",66599,66599,32365,48.6,34234,51.4,94.5,(X),3407,5.1,4005,6,3588,5.4,4442,6.7,3288,4.9,7253,10.9,7300,11,9363,14.1,4838,7.3,5032,7.6,8351,12.5,4141,6.2,1591,2.4,45,(X),13794,20.7,54469,81.8,52805,79.3,50233,75.4,16929,25.4,14083,21.1,52805,52805,25094,47.5,27711,52.5,90.6,(X),14083,14083,6238,44.3,7845,55.7,79.5,(X),66599,66599,65291,98,1308,2,65291,98,57790,86.8,6355,9.5,298,0.4,2,0,0,0,0,0,65,0.1,282,0.4,79,0.1,18,0,6,0,35,0.1,24,0,31,0,89,0.1,16,0,10,0,0,0,0,0,6,0,550,0.8,1308,2,727,1.1,182,0.3,98,0.1,51,0.1,66599,66599,59036,88.6,7187,10.8,589,0.9,492,0.7,120,0.2,645,1,66599,66599,2941,4.4,1647,2.5,228,0.3,245,0.4,821,1.2,63658,95.6,55473,83.3,6338,9.5,298,0.4,282,0.4,16,0,71,0.1,1180,1.8,15,0,1165,1.7,34401,(X),52072,52072,24696,47.4,27376,52.6
37163,"Sampson County, North Carolina",63385,63385,31127,49.1,32258,50.9,96.5,(X),4088,6.4,4202,6.6,4522,7.1,4152,6.6,3891,6.1,7033,11.1,7761,12.2,8370,13.2,4296,6.8,4025,6.4,6453,10.2,3616,5.7,976,1.5,40.3,(X),15556,24.5,49530,78.1,47829,75.5,45620,72,13322,21,11045,17.4,47829,47829,23176,48.5,24653,51.5,94,(X),11045,11045,4721,42.7,6324,57.3,74.7,(X),63385,63385,61679,97.3,1706,2.7,61679,97.3,39791,62.8,16080,25.4,1166,1.8,11,0,50,0.1,0,0,23,0,356,0.6,137,0.2,39,0.1,22,0,2,0,50,0.1,61,0.1,45,0.1,0,0,0,0,0,0,0,0,0,0,4286,6.8,1706,2.7,534,0.8,332,0.5,33,0.1,224,0.4,63385,63385,41105,64.8,17144,27,2062,3.3,424,0.7,44,0.1,4616,7.3,63385,63385,12445,19.6,7376,11.6,540,0.9,237,0.4,4292,6.8,50940,80.4,32319,51,15898,25.1,1008,1.6,356,0.6,0,0,15,0,1344,2.1,77,0.1,1267,2,27726,(X),43234,43234,20547,47.5,22687,52.5
37165,"Scotland County, North Carolina",35076,35076,17293,49.3,17783,50.7,97.2,(X),2235,6.4,2369,6.8,2247,6.4,2167,6.2,2444,7,4254,12.1,4250,12.1,4305,12.3,2284,6.5,2412,6.9,3624,10.3,1756,5,729,2.1,39.3,(X),8046,22.9,27760,79.1,27030,77.1,25595,73,7429,21.2,6109,17.4,27030,27030,13189,48.8,13841,51.2,95.3,(X),6109,6109,2594,42.5,3515,57.5,73.8,(X),35076,35076,34258,97.7,818,2.3,34258,97.7,15317,43.7,13660,38.9,4171,11.9,233,0.7,0,0,0,0,0,0,284,0.8,43,0.1,46,0.1,23,0.1,0,0,15,0,134,0.4,23,0.1,9,0,0,0,9,0,0,0,0,0,817,2.3,818,2.3,142,0.4,334,1,72,0.2,144,0.4,35076,35076,15941,45.4,14039,40,4707,13.4,376,1.1,9,0,880,2.5,35076,35076,1053,3,674,1.9,182,0.5,14,0,183,0.5,34023,97,15148,43.2,13627,38.8,4141,11.8,284,0.8,0,0,33,0.1,790,2.3,42,0.1,748,2.1,15312,(X),26571,26571,12910,48.6,13661,51.4
37167,"Stanly County, North Carolina",61588,61588,30696,49.8,30892,50.2,99.4,(X),3319,5.4,3919,6.4,3758,6.1,3920,6.4,3537,5.7,7547,12.3,7052,11.5,8633,14,4581,7.4,3787,6.1,6924,11.2,3329,5.4,1282,2.1,42.2,(X),13389,21.7,49762,80.8,48199,78.3,46077,74.8,13812,22.4,11535,18.7,48199,48199,23787,49.4,24412,50.6,97.4,(X),11535,11535,5157,44.7,6378,55.3,80.9,(X),61588,61588,60455,98.2,1133,1.8,60455,98.2,51502,83.6,7000,11.4,282,0.5,7,0,0,0,0,0,0,0,1104,1.8,54,0.1,75,0.1,95,0.2,0,0,5,0,26,0,849,1.4,8,0,0,0,8,0,0,0,0,0,559,0.9,1133,1.8,577,0.9,299,0.5,134,0.2,7,0,61588,61588,52534,85.3,7584,12.3,588,1,1332,2.2,22,0,661,1.1,61588,61588,2590,4.2,1883,3.1,170,0.3,51,0.1,486,0.8,58998,95.8,49777,80.8,6894,11.2,73,0.1,1104,1.8,0,0,51,0.1,1099,1.8,80,0.1,1019,1.7,27805,(X),47134,47134,23237,49.3,23897,50.7
37169,"Stokes County, North Carolina",45781,45781,22256,48.6,23525,51.4,94.6,(X),1968,4.3,2423,5.3,2643,5.8,2757,6,2365,5.2,4851,10.6,5144,11.2,6977,15.2,3911,8.5,3443,7.5,5421,11.8,2892,6.3,986,2.2,46.2,(X),8814,19.3,38029,83.1,36967,80.7,35650,77.9,11339,24.8,9299,20.3,36967,36967,17925,48.5,19042,51.5,94.1,(X),9299,9299,4116,44.3,5183,55.7,79.4,(X),45781,45781,45149,98.6,632,1.4,45149,98.6,42590,93,1909,4.2,191,0.4,8,0,0,0,0,0,0,0,167,0.4,0,0,0,0,145,0.3,15,0,0,0,0,0,7,0,0,0,0,0,0,0,0,0,0,0,292,0.6,632,1.4,104,0.2,149,0.3,32,0.1,74,0.2,45781,45781,43148,94.2,2239,4.9,566,1.2,199,0.4,0,0,413,0.9,45781,45781,1400,3.1,882,1.9,153,0.3,49,0.1,316,0.7,44381,96.9,41701,91.1,1909,4.2,191,0.4,167,0.4,0,0,18,0,395,0.9,30,0.1,365,0.8,22245,(X),36453,36453,17716,48.6,18737,51.4
37171,"Surry County, North Carolina",71971,71971,34908,48.5,37063,51.5,94.2,(X),3681,5.1,4356,6.1,4351,6,4677,6.5,3971,5.5,7745,10.8,8228,11.4,10398,14.4,5048,7,5040,7,8292,11.5,4302,6,1882,2.6,44.1,(X),15394,21.4,58469,81.2,56577,78.6,54119,75.2,17455,24.3,14476,20.1,56577,56577,27240,48.1,29337,51.9,92.9,(X),14476,14476,6351,43.9,8125,56.1,78.2,(X),71971,71971,71009,98.7,962,1.3,71009,98.7,65358,90.8,2683,3.7,247,0.3,54,0.1,21,0,0,0,0,0,415,0.6,64,0.1,122,0.2,7,0,41,0.1,5,0,120,0.2,56,0.1,135,0.2,15,0,62,0.1,0,0,58,0.1,2171,3,962,1.3,290,0.4,230,0.3,92,0.1,45,0.1,71971,71971,66205,92,3139,4.4,662,0.9,546,0.8,174,0.2,2372,3.3,71971,71971,7632,10.6,6209,8.6,509,0.7,33,0,881,1.2,64339,89.4,60359,83.9,2581,3.6,229,0.3,409,0.6,135,0.2,43,0.1,583,0.8,2,0,581,0.8,34160,(X),54183,54183,25931,47.9,28252,52.1
37173,"Swain County, North Carolina",14260,14260,6966,48.8,7294,51.2,95.5,(X),914,6.4,963,6.8,898,6.3,880,6.2,812,5.7,1666,11.7,1579,11.1,1860,13,901,6.3,1083,7.6,1601,11.2,765,5.4,338,2.4,41.9,(X),3286,23,11294,79.2,10974,77,10403,73,3394,23.8,2704,19,10974,10974,5274,48.1,5700,51.9,92.5,(X),2704,2704,1236,45.7,1468,54.3,84.2,(X),14260,14260,13666,95.8,594,4.2,13666,95.8,9147,64.1,67,0.5,4268,29.9,4114,28.8,29,0.2,0,0,0,0,54,0.4,12,0.1,0,0,14,0.1,0,0,0,0,0,0,28,0.2,4,0,0,0,4,0,0,0,0,0,126,0.9,594,4.2,176,1.2,388,2.7,0,0,15,0.1,14260,14260,9719,68.2,266,1.9,4679,32.8,61,0.4,11,0.1,126,0.9,14260,14260,757,5.3,577,4,48,0.3,16,0.1,116,0.8,13503,94.7,8799,61.7,67,0.5,3989,28,54,0.4,0,0,0,0,594,4.2,0,0,594,4.2,9022,(X),10763,10763,5081,47.2,5682,52.8
37175,"Transylvania County, North Carolina",33775,33775,16252,48.1,17523,51.9,92.7,(X),1335,4,1635,4.8,1475,4.4,1866,5.5,1827,5.4,3215,9.5,3212,9.5,3917,11.6,2482,7.3,2699,8,5533,16.4,3178,9.4,1401,4.1,51.1,(X),5406,16,28892,85.5,28369,84,27115,80.3,11789,34.9,10112,29.9,28369,28369,13452,47.4,14917,52.6,90.2,(X),10112,10112,4608,45.6,5504,54.4,83.7,(X),33775,33775,33316,98.6,459,1.4,33316,98.6,30933,91.6,1612,4.8,99,0.3,24,0.1,0,0,0,0,16,0,47,0.1,0,0,29,0.1,0,0,0,0,3,0,15,0,0,0,17,0.1,17,0.1,0,0,0,0,0,0,608,1.8,459,1.4,93,0.3,78,0.2,186,0.6,0,0,33775,33775,31387,92.9,1748,5.2,221,0.7,275,0.8,62,0.2,624,1.8,33775,33775,1124,3.3,1009,3,38,0.1,67,0.2,10,0,32651,96.7,30528,90.4,1560,4.6,89,0.3,47,0.1,17,0.1,0,0,410,1.2,8,0,402,1.2,19645,(X),27745,27745,13085,47.2,14660,52.8
37177,"Tyrrell County, North Carolina",4095,4095,2356,57.5,1739,42.5,135.5,(X),129,3.2,191,4.7,196,4.8,85,2.1,397,9.7,519,12.7,444,10.8,598,14.6,337,8.2,380,9.3,407,9.9,349,8.5,63,1.5,46.2,(X),570,13.9,3560,86.9,3525,86.1,3448,84.2,1008,24.6,819,20,3525,3525,2064,58.6,1461,41.4,141.3,(X),819,819,349,42.6,470,57.4,74.3,(X),4095,4095,4013,98,82,2,4013,98,2268,55.4,1521,37.1,37,0.9,19,0.5,8,0.2,0,0,0,0,18,0.4,0,0,0,0,18,0.4,0,0,0,0,0,0,0,0,0,0,0,0,0,0,0,0,0,0,169,4.1,82,2,63,1.5,4,0.1,0,0,0,0,4095,4095,2350,57.4,1584,38.7,41,1,18,0.4,0,0,184,4.5,4095,4095,284,6.9,243,5.9,14,0.3,0,0,27,0.7,3811,93.1,2175,53.1,1510,36.9,37,0.9,18,0.4,0,0,4,0.1,67,1.6,0,0,67,1.6,2119,(X),3406,3406,2024,59.4,1382,40.6
37179,"Union County, North Carolina",231053,231053,113824,49.3,117229,50.7,97.1,(X),13312,5.8,16725,7.2,20475,8.9,19475,8.4,13690,5.9,22360,9.7,31772,13.8,37699,16.3,15926,6.9,11117,4.8,17859,7.7,7994,3.5,2649,1.1,38.2,(X),62968,27.3,176510,76.4,168085,72.7,158250,68.5,35212,15.2,28502,12.3,168085,168085,81661,48.6,86424,51.4,94.5,(X),28502,28502,12679,44.5,15823,55.5,80.1,(X),231053,231053,225757,97.7,5296,2.3,225757,97.7,187754,81.3,26454,11.4,551,0.2,23,0,0,0,0,0,0,0,6989,3,3386,1.5,1025,0.4,420,0.2,76,0,569,0.2,771,0.3,742,0.3,100,0,42,0,46,0,0,0,12,0,3909,1.7,5296,2.3,2198,1,934,0.4,791,0.3,195,0.1,231053,231053,192603,83.4,29497,12.8,1968,0.9,8378,3.6,210,0.1,4331,1.9,231053,231053,25731,11.1,16180,7,2430,1.1,694,0.3,6427,2.8,205322,88.9,166677,72.1,25962,11.2,477,0.2,6890,3,82,0,395,0.2,4839,2.1,156,0.1,4683,2,81056,(X),157443,157443,76186,48.4,81257,51.6
37181,"Vance County, North Carolina",44479,44479,20751,46.7,23728,53.3,87.5,(X),2762,6.2,2564,5.8,3398,7.6,2900,6.5,2793,6.3,5212,11.7,4795,10.8,6000,13.5,3040,6.8,3065,6.9,4734,10.6,2390,5.4,826,1.9,40.9,(X),10614,23.9,35182,79.1,33865,76.1,32396,72.8,9844,22.1,7950,17.9,33865,33865,15410,45.5,18455,54.5,83.5,(X),7950,7950,3327,41.8,4623,58.2,72,(X),44479,44479,43408,97.6,1071,2.4,43408,97.6,18961,42.6,22166,49.8,651,1.5,6,0,0,0,0,0,0,0,319,0.7,0,0,138,0.3,107,0.2,74,0.2,0,0,0,0,0,0,25,0.1,0,0,25,0.1,0,0,0,0,1286,2.9,1071,2.4,568,1.3,54,0.1,10,0,88,0.2,44479,44479,19850,44.6,22923,51.5,820,1.8,384,0.9,25,0.1,1575,3.5,44479,44479,3466,7.8,2643,5.9,171,0.4,20,0,632,1.4,41013,92.2,17620,39.6,22103,49.7,132,0.3,319,0.7,25,0.1,0,0,814,1.8,43,0.1,771,1.7,20139,(X),32350,32350,14529,44.9,17821,55.1
37183,"Wake County, North Carolina",1069079,1069079,519794,48.6,549285,51.4,94.6,(X),66698,6.2,72166,6.8,75376,7.1,74082,6.9,67697,6.3,157847,14.8,160777,15,153453,14.4,66603,6.2,54001,5.1,75055,7,32719,3.1,12605,1.2,36.2,(X),258475,24.2,839510,78.5,810604,75.8,767978,71.8,150567,14.1,120379,11.3,810604,810604,388650,47.9,421954,52.1,92.1,(X),120379,120379,52024,43.2,68355,56.8,76.1,(X),1069079,1069079,1037542,97.1,31537,2.9,1037542,97.1,698759,65.4,218151,20.4,3841,0.4,774,0.1,148,0,46,0,4,0,74284,6.9,38341,3.6,12765,1.2,3735,0.3,1058,0.1,4337,0.4,5558,0.5,8490,0.8,437,0,96,0,111,0,0,0,230,0,42070,3.9,31537,2.9,10191,1,3546,0.3,7428,0.7,2360,0.2,1069079,1069079,724726,67.8,234371,21.9,11795,1.1,84753,7.9,1689,0.2,46309,4.3,1069079,1069079,108379,10.1,51952,4.9,13834,1.3,4604,0.4,37989,3.6,960700,89.9,641723,60,212353,19.9,2726,0.3,74111,6.9,403,0,3214,0.3,26170,2.4,1568,0.1,24602,2.3,431552,(X),737397,737397,350515,47.5,386882,52.5
37185,"Warren County, North Carolina",19898,19898,9884,49.7,10014,50.3,98.7,(X),899,4.5,1000,5,1059,5.3,1138,5.7,1252,6.3,1971,9.9,2006,10.1,2420,12.2,1616,8.1,1649,8.3,2867,14.4,1420,7.1,601,3,48,(X),3644,18.3,16759,84.2,16254,81.7,15543,78.1,6017,30.2,4888,24.6,16254,16254,8031,49.4,8223,50.6,97.7,(X),4888,4888,2178,44.6,2710,55.4,80.4,(X),19898,19898,19440,97.7,458,2.3,19440,97.7,7900,39.7,10004,50.3,1117,5.6,31,0.2,0,0,6,0,0,0,104,0.5,18,0.1,4,0,45,0.2,3,0,15,0.1,0,0,19,0.1,34,0.2,0,0,12,0.1,0,0,22,0.1,281,1.4,458,2.3,181,0.9,63,0.3,10,0.1,109,0.5,19898,19898,8219,41.3,10351,52,1356,6.8,183,0.9,73,0.4,309,1.6,19898,19898,750,3.8,558,2.8,111,0.6,0,0,81,0.4,19148,96.2,7629,38.3,9965,50.1,1009,5.1,99,0.5,34,0.2,10,0.1,402,2,0,0,402,2,12002,(X),15967,15967,7875,49.3,8092,50.7
37187,"Washington County, North Carolina",11922,11922,5591,46.9,6331,53.1,88.3,(X),551,4.6,737,6.2,726,6.1,828,6.9,905,7.6,824,6.9,1265,10.6,1319,11.1,943,7.9,1010,8.5,1645,13.8,918,7.7,251,2.1,46.1,(X),2418,20.3,9793,82.1,9504,79.7,8757,73.5,3460,29,2814,23.6,9504,9504,4305,45.3,5199,54.7,82.8,(X),2814,2814,1224,43.5,1590,56.5,77,(X),11922,11922,11394,95.6,528,4.4,11394,95.6,5450,45.7,5658,47.5,30,0.3,0,0,0,0,0,0,0,0,26,0.2,0,0,0,0,0,0,0,0,0,0,26,0.2,0,0,0,0,0,0,0,0,0,0,0,0,230,1.9,528,4.4,222,1.9,40,0.3,35,0.3,0,0,11922,11922,5975,50.1,5883,49.3,72,0.6,61,0.5,0,0,461,3.9,11922,11922,622,5.2,572,4.8,21,0.2,1,0,28,0.2,11300,94.8,5290,44.4,5658,47.5,22,0.2,26,0.2,0,0,33,0.3,271,2.3,0,0,271,2.3,6458,(X),9357,9357,4178,44.7,5179,55.3
37189,"Watauga County, North Carolina",54925,54925,27313,49.7,27612,50.3,98.9,(X),1843,3.4,2100,3.8,1910,3.5,7268,13.2,10052,18.3,5917,10.8,5034,9.2,5717,10.4,3294,6,3283,6,5159,9.4,2594,4.7,754,1.4,31.9,(X),7152,13,48803,88.9,47773,87,38550,70.2,10580,19.3,8507,15.5,47773,47773,23621,49.4,24152,50.6,97.8,(X),8507,8507,3979,46.8,4528,53.2,87.9,(X),54925,54925,54132,98.6,793,1.4,54132,98.6,51539,93.8,967,1.8,383,0.7,129,0.2,0,0,4,0,1,0,651,1.2,24,0,299,0.5,79,0.1,26,0,49,0.1,100,0.2,74,0.1,53,0.1,53,0.1,0,0,0,0,0,0,539,1,793,1.4,96,0.2,86,0.2,163,0.3,70,0.1,54925,54925,52147,94.9,1246,2.3,582,1.1,875,1.6,147,0.3,783,1.4,54925,54925,2009,3.7,1142,2.1,430,0.8,70,0.1,367,0.7,52916,96.3,50357,91.7,954,1.7,359,0.7,606,1.1,53,0.1,12,0,575,1,107,0.2,468,0.9,33751,(X),46865,46865,23113,49.3,23752,50.7
37191,"Wayne County, North Carolina",123603,123603,60358,48.8,63245,51.2,95.4,(X),8244,6.7,7598,6.1,8682,7,7928,6.4,9016,7.3,16566,13.4,14214,11.5,15369,12.4,7619,6.2,8599,7,11553,9.3,6241,5,1974,1.6,37.8,(X),29412,23.8,97607,79,94191,76.2,88962,72,24673,20,19768,16,94191,94191,45315,48.1,48876,51.9,92.7,(X),19768,19768,8387,42.4,11381,57.6,73.7,(X),123603,123603,119689,96.8,3914,3.2,119689,96.8,78721,63.7,37666,30.5,375,0.3,63,0.1,0,0,0,0,16,0,1488,1.2,384,0.3,314,0.3,145,0.1,155,0.1,210,0.2,48,0,232,0.2,53,0,23,0,29,0,1,0,0,0,1386,1.1,3914,3.2,1523,1.2,338,0.3,485,0.4,94,0.1,123603,123603,81756,66.1,40214,32.5,995,0.8,2958,2.4,267,0.2,1739,1.4,123603,123603,14525,11.8,8258,6.7,1463,1.2,100,0.1,4704,3.8,109078,88.2,66033,53.4,37509,30.3,375,0.3,1479,1.2,49,0,137,0.1,3496,2.8,76,0.1,3420,2.8,54291,(X),87826,87826,42179,48,45647,52
37193,"Wilkes County, North Carolina",68469,68469,33733,49.3,34736,50.7,97.1,(X),3426,5,3890,5.7,4141,6,4042,5.9,3670,5.4,7379,10.8,7786,11.4,9616,14,4909,7.2,5242,7.7,8262,12.1,4712,6.9,1394,2,44.9,(X),14094,20.6,55949,81.7,54375,79.4,52117,76.1,17898,26.1,14368,21,54375,54375,26515,48.8,27860,51.2,95.2,(X),14368,14368,6358,44.3,8010,55.7,79.4,(X),68469,68469,67243,98.2,1226,1.8,67243,98.2,62347,91.1,2712,4,217,0.3,163,0.2,0,0,0,0,0,0,398,0.6,28,0,56,0.1,19,0,88,0.1,40,0.1,0,0,167,0.2,188,0.3,26,0,112,0.2,20,0,30,0,1381,2,1226,1.8,636,0.9,96,0.1,29,0,4,0,68469,68469,63481,92.7,3430,5,374,0.5,480,0.7,245,0.4,1742,2.5,68469,68469,4475,6.5,2911,4.3,140,0.2,49,0.1,1375,2,63994,93.5,59738,87.2,2635,3.8,217,0.3,398,0.6,188,0.3,15,0,803,1.2,23,0,780,1.1,33587,(X),52699,52699,25542,48.5,27157,51.5
37195,"Wilson County, North Carolina",81435,81435,38537,47.3,42898,52.7,89.8,(X),4814,5.9,5059,6.2,5641,6.9,5519,6.8,4898,6,9779,12,9373,11.5,10634,13.1,5503,6.8,5986,7.4,8402,10.3,4178,5.1,1649,2,40.5,(X),18832,23.1,64647,79.4,62603,76.9,59342,72.9,17747,21.8,14229,17.5,62603,62603,28936,46.2,33667,53.8,85.9,(X),14229,14229,6026,42.4,8203,57.6,73.5,(X),81435,81435,79407,97.5,2028,2.5,79407,97.5,41323,50.7,32275,39.6,527,0.6,119,0.1,12,0,0,0,0,0,675,0.8,175,0.2,175,0.2,81,0.1,26,0,29,0,21,0,168,0.2,0,0,0,0,0,0,0,0,0,0,4607,5.7,2028,2.5,1026,1.3,103,0.1,361,0.4,133,0.2,81435,81435,43009,52.8,33687,41.4,843,1,1059,1.3,93,0.1,4865,6,81435,81435,8430,10.4,5730,7,341,0.4,587,0.7,1772,2.2,73005,89.6,38248,47,31812,39.1,257,0.3,675,0.8,0,0,348,0.4,1665,2,68,0.1,1597,2,36146,(X),59542,59542,27128,45.6,32414,54.4
37197,"Yadkin County, North Carolina",37602,37602,18625,49.5,18977,50.5,98.1,(X),1950,5.2,2069,5.5,2433,6.5,2266,6,2128,5.7,3969,10.6,4286,11.4,5701,15.2,2661,7.1,2796,7.4,4177,11.1,2360,6.3,806,2.1,44.4,(X),7970,21.2,30719,81.7,29632,78.8,28367,75.4,8942,23.8,7343,19.5,29632,29632,14436,48.7,15196,51.3,95,(X),7343,7343,3230,44,4113,56,78.5,(X),37602,37602,36946,98.3,656,1.7,36946,98.3,34639,92.1,1320,3.5,148,0.4,9,0,0,0,0,0,0,0,23,0.1,0,0,0,0,23,0.1,0,0,0,0,0,0,0,0,28,0.1,0,0,0,0,0,0,28,0.1,788,2.1,656,1.7,201,0.5,203,0.5,0,0,12,0,37602,37602,35283,93.8,1533,4.1,363,1,52,0.1,126,0.3,952,2.5,37602,37602,4163,11.1,3415,9.1,9,0,0,0,739,2,33439,88.9,31691,84.3,1243,3.3,48,0.1,23,0.1,28,0.1,35,0.1,371,1,0,0,371,1,17432,(X),28279,28279,13701,48.4,14578,51.6
37199,"Yancey County, North Carolina",17760,17760,8701,49,9059,51,96,(X),760,4.3,894,5,1015,5.7,936,5.3,950,5.3,1763,9.9,1926,10.8,2403,13.5,1219,6.9,1404,7.9,2578,14.5,1476,8.3,436,2.5,47.6,(X),3301,18.6,14861,83.7,14459,81.4,13938,78.5,5334,30,4490,25.3,14459,14459,6957,48.1,7502,51.9,92.7,(X),4490,4490,2049,45.6,2441,54.4,83.9,(X),17760,17760,17507,98.6,253,1.4,17507,98.6,17083,96.2,119,0.7,95,0.5,10,0.1,0,0,21,0.1,0,0,50,0.3,0,0,0,0,0,0,14,0.1,23,0.1,9,0.1,4,0,3,0,3,0,0,0,0,0,0,0,157,0.9,253,1.4,114,0.6,60,0.3,19,0.1,44,0.2,17760,17760,17292,97.4,277,1.6,199,1.1,69,0.4,3,0,173,1,17760,17760,917,5.2,740,4.2,0,0,16,0.1,161,0.9,16843,94.8,16427,92.5,119,0.7,72,0.4,50,0.3,3,0,0,0,172,1,0,0,172,1,11271,(X),14088,14088,6796,48.2,7292,51.8